Strain,Region,year,Dkl,Lowerbound,Upperbound
HK68,A,1968,0.,0.,0.003
HK68,B,1968,0.,0.,0.
HK68,C,1968,0.,0.,0.
HK68,D,1968,0.,0.,0.004
HK68,E,1968,0.,0.,0.002
HK68,B*,1968,0.,0.,0.
HK68,non-epitope,1968,0.,0.,0.
HK68,OtherbutB*,1968,0.,0.,0.
HK68,OtherEpibutB*,1968,0.,0.,0.001
HK68,A,1969,0.005,0.003,0.006
HK68,B,1969,0.,0.,0.
HK68,C,1969,0.009,0.,0.022
HK68,D,1969,0.01,0.001,0.024
HK68,E,1969,0.033,0.016,0.066
HK68,B*,1969,0.,0.,0.
HK68,non-epitope,1969,0.002,0.002,0.003
HK68,OtherbutB*,1969,0.003,0.002,0.004
HK68,OtherEpibutB*,1969,0.012,0.007,0.02
HK68,A,1970,0.005,0.003,0.006
HK68,B,1970,0.,0.,0.
HK68,C,1970,0.,0.,0.
HK68,D,1970,0.003,0.001,0.005
HK68,E,1970,0.087,0.08,0.098
HK68,B*,1970,0.,0.,0.
HK68,non-epitope,1970,0.003,0.002,0.003
HK68,OtherbutB*,1970,0.005,0.004,0.005
HK68,OtherEpibutB*,1970,0.022,0.021,0.025
HK68,A,1971,0.015,0.005,0.031
HK68,B,1971,0.024,0.014,0.039
HK68,C,1971,0.006,0.,0.015
HK68,D,1971,0.019,0.003,0.049
HK68,E,1971,0.043,0.027,0.071
HK68,B*,1971,0.049,0.024,0.083
HK68,non-epitope,1971,0.005,0.004,0.007
HK68,OtherbutB*,1971,0.007,0.006,0.008
HK68,OtherEpibutB*,1971,0.02,0.014,0.029
HK68,A,1972,0.086,0.069,0.105
HK68,B,1972,0.054,0.042,0.068
HK68,C,1972,0.063,0.046,0.091
HK68,D,1972,0.086,0.072,0.108
HK68,E,1972,0.047,0.031,0.064
HK68,B*,1972,0.017,0.006,0.034
HK68,non-epitope,1972,0.007,0.006,0.008
HK68,OtherbutB*,1972,0.013,0.012,0.015
HK68,OtherEpibutB*,1972,0.072,0.064,0.083
HK68,A,1973,0.125,0.119,0.135
HK68,B,1973,0.1,0.092,0.11
HK68,C,1973,0.087,0.087,0.087
HK68,D,1973,0.122,0.117,0.13
HK68,E,1973,0.06,0.056,0.071
HK68,B*,1973,0.018,0.,0.041
HK68,non-epitope,1973,0.008,0.008,0.009
HK68,OtherbutB*,1973,0.018,0.018,0.019
HK68,OtherEpibutB*,1973,0.108,0.105,0.113
HK68,A,1974,0.168,0.15,0.197
HK68,B,1974,0.123,0.11,0.143
HK68,C,1974,0.092,0.087,0.101
HK68,D,1974,0.133,0.123,0.153
HK68,E,1974,0.105,0.085,0.131
HK68,B*,1974,0.098,0.063,0.151
HK68,non-epitope,1974,0.009,0.008,0.01
HK68,OtherbutB*,1974,0.021,0.02,0.022
HK68,OtherEpibutB*,1974,0.129,0.121,0.138
HK68,A,1975,0.161,0.144,0.195
HK68,B,1975,0.142,0.122,0.176
HK68,C,1975,0.125,0.104,0.176
HK68,D,1975,0.187,0.157,0.231
HK68,E,1975,0.105,0.082,0.131
HK68,B*,1975,0.102,0.048,0.163
HK68,non-epitope,1975,0.011,0.01,0.012
HK68,OtherbutB*,1975,0.024,0.023,0.027
HK68,OtherEpibutB*,1975,0.149,0.137,0.164
HK68,A,1976,0.262,0.249,0.282
HK68,B,1976,0.185,0.165,0.207
HK68,C,1976,0.221,0.191,0.254
HK68,D,1976,0.259,0.239,0.288
HK68,E,1976,0.14,0.122,0.163
HK68,B*,1976,0.112,0.074,0.161
HK68,non-epitope,1976,0.011,0.01,0.012
HK68,OtherbutB*,1976,0.031,0.031,0.033
HK68,OtherEpibutB*,1976,0.22,0.214,0.235
HK68,A,1977,0.23,0.199,0.278
HK68,B,1977,0.166,0.143,0.192
HK68,C,1977,0.238,0.202,0.296
HK68,D,1977,0.201,0.172,0.25
HK68,E,1977,0.146,0.124,0.184
HK68,B*,1977,0.115,0.083,0.145
HK68,non-epitope,1977,0.01,0.009,0.011
HK68,OtherbutB*,1977,0.028,0.027,0.031
HK68,OtherEpibutB*,1977,0.199,0.189,0.224
HK68,A,1978,0.349,0.341,0.362
HK68,B,1978,0.224,0.217,0.238
HK68,C,1978,0.363,0.346,0.386
HK68,D,1978,0.213,0.193,0.239
HK68,E,1978,0.258,0.253,0.265
HK68,B*,1978,0.241,0.231,0.267
HK68,non-epitope,1978,0.014,0.013,0.015
HK68,OtherbutB*,1978,0.039,0.038,0.041
HK68,OtherEpibutB*,1978,0.275,0.271,0.282
HK68,A,1979,0.46,0.456,0.464
HK68,B,1979,0.346,0.346,0.346
HK68,C,1979,0.433,0.433,0.433
HK68,D,1979,0.244,0.232,0.29
HK68,E,1979,0.258,0.253,0.265
HK68,B*,1979,0.346,0.346,0.346
HK68,non-epitope,1979,0.014,0.013,0.015
HK68,OtherbutB*,1979,0.046,0.045,0.047
HK68,OtherEpibutB*,1979,0.341,0.337,0.351
HK68,A,1980,0.473,0.462,0.494
HK68,B,1980,0.34,0.327,0.358
HK68,C,1980,0.433,0.433,0.433
HK68,D,1980,0.242,0.235,0.255
HK68,E,1980,0.272,0.261,0.289
HK68,B*,1980,0.311,0.272,0.346
HK68,non-epitope,1980,0.014,0.013,0.015
HK68,OtherbutB*,1980,0.047,0.046,0.048
HK68,OtherEpibutB*,1980,0.348,0.343,0.356
HK68,A,1981,0.515,0.511,0.52
HK68,B,1981,0.346,0.346,0.346
HK68,C,1981,0.433,0.433,0.433
HK68,D,1981,0.233,0.231,0.235
HK68,E,1981,0.312,0.307,0.318
HK68,B*,1981,0.346,0.346,0.346
HK68,non-epitope,1981,0.014,0.013,0.015
HK68,OtherbutB*,1981,0.048,0.047,0.049
HK68,OtherEpibutB*,1981,0.363,0.361,0.365
HK68,A,1982,0.413,0.382,0.458
HK68,B,1982,0.31,0.288,0.344
HK68,C,1982,0.424,0.388,0.481
HK68,D,1982,0.323,0.297,0.363
HK68,E,1982,0.242,0.214,0.272
HK68,B*,1982,0.283,0.249,0.338
HK68,non-epitope,1982,0.014,0.014,0.016
HK68,OtherbutB*,1982,0.046,0.045,0.049
HK68,OtherEpibutB*,1982,0.339,0.328,0.359
HK68,A,1983,0.444,0.424,0.474
HK68,B,1983,0.339,0.323,0.366
HK68,C,1983,0.481,0.45,0.528
HK68,D,1983,0.36,0.329,0.398
HK68,E,1983,0.262,0.254,0.281
HK68,B*,1983,0.307,0.267,0.346
HK68,non-epitope,1983,0.016,0.014,0.017
HK68,OtherbutB*,1983,0.051,0.05,0.053
HK68,OtherEpibutB*,1983,0.373,0.367,0.39
HK68,A,1984,0.459,0.455,0.464
HK68,B,1984,0.355,0.346,0.39
HK68,C,1984,0.52,0.52,0.52
HK68,D,1984,0.463,0.462,0.465
HK68,E,1984,0.258,0.253,0.265
HK68,B*,1984,0.346,0.346,0.346
HK68,non-epitope,1984,0.016,0.016,0.017
HK68,OtherbutB*,1984,0.054,0.054,0.056
HK68,OtherEpibutB*,1984,0.403,0.4,0.414
HK68,A,1985,0.447,0.433,0.461
HK68,B,1985,0.353,0.341,0.373
HK68,C,1985,0.52,0.52,0.52
HK68,D,1985,0.413,0.407,0.424
HK68,E,1985,0.258,0.253,0.265
HK68,B*,1985,0.298,0.272,0.333
HK68,non-epitope,1985,0.017,0.016,0.017
HK68,OtherbutB*,1985,0.054,0.053,0.055
HK68,OtherEpibutB*,1985,0.395,0.39,0.401
HK68,A,1986,0.462,0.457,0.475
HK68,B,1986,0.414,0.401,0.436
HK68,C,1986,0.52,0.52,0.52
HK68,D,1986,0.406,0.404,0.408
HK68,E,1986,0.258,0.253,0.265
HK68,B*,1986,0.395,0.368,0.462
HK68,non-epitope,1986,0.018,0.017,0.019
HK68,OtherbutB*,1986,0.056,0.055,0.057
HK68,OtherEpibutB*,1986,0.404,0.401,0.409
HK68,A,1987,0.508,0.502,0.517
HK68,B,1987,0.424,0.4,0.46
HK68,C,1987,0.52,0.52,0.52
HK68,D,1987,0.406,0.404,0.408
HK68,E,1987,0.316,0.308,0.335
HK68,B*,1987,0.392,0.359,0.462
HK68,non-epitope,1987,0.016,0.016,0.017
HK68,OtherbutB*,1987,0.057,0.056,0.058
HK68,OtherEpibutB*,1987,0.43,0.426,0.439
HK68,A,1988,0.511,0.505,0.52
HK68,B,1988,0.413,0.406,0.43
HK68,C,1988,0.524,0.52,0.53
HK68,D,1988,0.406,0.404,0.408
HK68,E,1988,0.29,0.277,0.307
HK68,B*,1988,0.399,0.382,0.44
HK68,non-epitope,1988,0.017,0.016,0.017
HK68,OtherbutB*,1988,0.057,0.056,0.057
HK68,OtherEpibutB*,1988,0.421,0.417,0.426
HK68,A,1989,0.544,0.521,0.57
HK68,B,1989,0.415,0.408,0.422
HK68,C,1989,0.565,0.546,0.595
HK68,D,1989,0.406,0.404,0.408
HK68,E,1989,0.339,0.327,0.358
HK68,B*,1989,0.408,0.387,0.427
HK68,non-epitope,1989,0.016,0.016,0.017
HK68,OtherbutB*,1989,0.058,0.058,0.059
HK68,OtherEpibutB*,1989,0.446,0.44,0.454
HK68,A,1990,0.569,0.563,0.582
HK68,B,1990,0.41,0.395,0.437
HK68,C,1990,0.582,0.557,0.606
HK68,D,1990,0.41,0.405,0.418
HK68,E,1990,0.364,0.359,0.372
HK68,B*,1990,0.385,0.35,0.447
HK68,non-epitope,1990,0.016,0.016,0.017
HK68,OtherbutB*,1990,0.06,0.059,0.061
HK68,OtherEpibutB*,1990,0.461,0.457,0.467
HK68,A,1991,0.596,0.585,0.613
HK68,B,1991,0.39,0.383,0.401
HK68,C,1991,0.584,0.568,0.599
HK68,D,1991,0.4,0.39,0.417
HK68,E,1991,0.365,0.36,0.373
HK68,B*,1991,0.34,0.322,0.366
HK68,non-epitope,1991,0.017,0.017,0.018
HK68,OtherbutB*,1991,0.061,0.061,0.062
HK68,OtherEpibutB*,1991,0.465,0.46,0.471
HK68,A,1992,0.581,0.567,0.601
HK68,B,1992,0.391,0.38,0.402
HK68,C,1992,0.589,0.574,0.608
HK68,D,1992,0.377,0.37,0.388
HK68,E,1992,0.367,0.36,0.375
HK68,B*,1992,0.338,0.312,0.37
HK68,non-epitope,1992,0.017,0.017,0.018
HK68,OtherbutB*,1992,0.061,0.06,0.062
HK68,OtherEpibutB*,1992,0.458,0.454,0.465
HK68,A,1993,0.579,0.568,0.594
HK68,B,1993,0.413,0.405,0.423
HK68,C,1993,0.657,0.642,0.673
HK68,D,1993,0.394,0.388,0.401
HK68,E,1993,0.4,0.391,0.41
HK68,B*,1993,0.336,0.323,0.347
HK68,non-epitope,1993,0.019,0.018,0.019
HK68,OtherbutB*,1993,0.065,0.064,0.065
HK68,OtherEpibutB*,1993,0.486,0.481,0.492
HK68,A,1994,0.613,0.606,0.624
HK68,B,1994,0.429,0.423,0.434
HK68,C,1994,0.674,0.66,0.688
HK68,D,1994,0.414,0.41,0.419
HK68,E,1994,0.394,0.382,0.405
HK68,B*,1994,0.35,0.347,0.355
HK68,non-epitope,1994,0.021,0.021,0.021
HK68,OtherbutB*,1994,0.068,0.067,0.069
HK68,OtherEpibutB*,1994,0.502,0.498,0.507
HK68,A,1995,0.579,0.571,0.585
HK68,B,1995,0.393,0.389,0.399
HK68,C,1995,0.639,0.628,0.65
HK68,D,1995,0.453,0.445,0.464
HK68,E,1995,0.408,0.399,0.416
HK68,B*,1995,0.348,0.346,0.35
HK68,non-epitope,1995,0.02,0.019,0.02
HK68,OtherbutB*,1995,0.066,0.065,0.067
HK68,OtherEpibutB*,1995,0.491,0.488,0.496
HK68,A,1996,0.562,0.555,0.574
HK68,B,1996,0.397,0.393,0.402
HK68,C,1996,0.628,0.616,0.641
HK68,D,1996,0.452,0.444,0.465
HK68,E,1996,0.418,0.409,0.427
HK68,B*,1996,0.356,0.346,0.369
HK68,non-epitope,1996,0.02,0.02,0.021
HK68,OtherbutB*,1996,0.066,0.066,0.067
HK68,OtherEpibutB*,1996,0.488,0.485,0.494
HK68,A,1997,0.584,0.575,0.594
HK68,B,1997,0.425,0.418,0.434
HK68,C,1997,0.623,0.606,0.641
HK68,D,1997,0.468,0.466,0.472
HK68,E,1997,0.439,0.428,0.448
HK68,B*,1997,0.417,0.401,0.438
HK68,non-epitope,1997,0.021,0.02,0.021
HK68,OtherbutB*,1997,0.068,0.067,0.069
HK68,OtherEpibutB*,1997,0.502,0.497,0.507
HK68,A,1998,0.611,0.6,0.621
HK68,B,1998,0.458,0.45,0.466
HK68,C,1998,0.656,0.642,0.673
HK68,D,1998,0.46,0.455,0.468
HK68,E,1998,0.428,0.421,0.435
HK68,B*,1998,0.517,0.497,0.536
HK68,non-epitope,1998,0.021,0.02,0.021
HK68,OtherbutB*,1998,0.068,0.068,0.069
HK68,OtherEpibutB*,1998,0.507,0.504,0.511
HK68,A,1999,0.632,0.629,0.635
HK68,B,1999,0.494,0.491,0.499
HK68,C,1999,0.66,0.651,0.675
HK68,D,1999,0.486,0.48,0.49
HK68,E,1999,0.46,0.453,0.469
HK68,B*,1999,0.573,0.567,0.577
HK68,non-epitope,1999,0.021,0.021,0.021
HK68,OtherbutB*,1999,0.071,0.071,0.072
HK68,OtherEpibutB*,1999,0.53,0.528,0.534
HK68,A,2000,0.628,0.624,0.633
HK68,B,2000,0.518,0.516,0.52
HK68,C,2000,0.693,0.693,0.693
HK68,D,2000,0.52,0.52,0.521
HK68,E,2000,0.484,0.478,0.494
HK68,B*,2000,0.578,0.577,0.578
HK68,non-epitope,2000,0.023,0.023,0.024
HK68,OtherbutB*,2000,0.075,0.075,0.076
HK68,OtherEpibutB*,2000,0.554,0.552,0.556
HK68,A,2001,0.635,0.635,0.635
HK68,B,2001,0.534,0.532,0.538
HK68,C,2001,0.693,0.693,0.693
HK68,D,2001,0.503,0.495,0.509
HK68,E,2001,0.473,0.466,0.48
HK68,B*,2001,0.578,0.577,0.578
HK68,non-epitope,2001,0.024,0.023,0.024
HK68,OtherbutB*,2001,0.076,0.075,0.076
HK68,OtherEpibutB*,2001,0.553,0.551,0.555
HK68,A,2002,0.616,0.613,0.621
HK68,B,2002,0.551,0.548,0.554
HK68,C,2002,0.672,0.664,0.681
HK68,D,2002,0.521,0.52,0.522
HK68,E,2002,0.472,0.466,0.479
HK68,B*,2002,0.578,0.577,0.579
HK68,non-epitope,2002,0.025,0.024,0.025
HK68,OtherbutB*,2002,0.077,0.076,0.077
HK68,OtherEpibutB*,2002,0.555,0.553,0.557
HK68,A,2003,0.574,0.572,0.577
HK68,B,2003,0.521,0.52,0.523
HK68,C,2003,0.684,0.68,0.687
HK68,D,2003,0.521,0.52,0.522
HK68,E,2003,0.51,0.504,0.517
HK68,B*,2003,0.578,0.575,0.581
HK68,non-epitope,2003,0.028,0.028,0.029
HK68,OtherbutB*,2003,0.079,0.079,0.08
HK68,OtherEpibutB*,2003,0.547,0.546,0.549
HK68,A,2004,0.567,0.563,0.573
HK68,B,2004,0.508,0.505,0.511
HK68,C,2004,0.681,0.677,0.687
HK68,D,2004,0.52,0.518,0.522
HK68,E,2004,0.518,0.513,0.526
HK68,B*,2004,0.576,0.573,0.579
HK68,non-epitope,2004,0.031,0.03,0.031
HK68,OtherbutB*,2004,0.081,0.081,0.081
HK68,OtherEpibutB*,2004,0.543,0.542,0.546
HK68,A,2005,0.549,0.545,0.556
HK68,B,2005,0.522,0.519,0.525
HK68,C,2005,0.675,0.668,0.682
HK68,D,2005,0.519,0.516,0.521
HK68,E,2005,0.521,0.515,0.527
HK68,B*,2005,0.603,0.598,0.607
HK68,non-epitope,2005,0.031,0.031,0.032
HK68,OtherbutB*,2005,0.081,0.081,0.082
HK68,OtherEpibutB*,2005,0.54,0.539,0.543
HK68,A,2006,0.549,0.544,0.556
HK68,B,2006,0.535,0.529,0.542
HK68,C,2006,0.676,0.67,0.685
HK68,D,2006,0.519,0.516,0.521
HK68,E,2006,0.524,0.518,0.531
HK68,B*,2006,0.666,0.656,0.674
HK68,non-epitope,2006,0.031,0.03,0.031
HK68,OtherbutB*,2006,0.081,0.08,0.081
HK68,OtherEpibutB*,2006,0.538,0.535,0.542
HK68,A,2007,0.544,0.54,0.549
HK68,B,2007,0.542,0.539,0.545
HK68,C,2007,0.674,0.67,0.679
HK68,D,2007,0.513,0.511,0.516
HK68,E,2007,0.521,0.515,0.528
HK68,B*,2007,0.685,0.68,0.69
HK68,non-epitope,2007,0.031,0.03,0.031
HK68,OtherbutB*,2007,0.08,0.08,0.081
HK68,OtherEpibutB*,2007,0.535,0.533,0.538
HK68,A,2008,0.451,0.445,0.461
HK68,B,2008,0.433,0.425,0.443
HK68,C,2008,0.545,0.534,0.556
HK68,D,2008,0.398,0.393,0.405
HK68,E,2008,0.412,0.405,0.422
HK68,B*,2008,0.55,0.533,0.564
HK68,non-epitope,2008,0.025,0.025,0.026
HK68,OtherbutB*,2008,0.065,0.064,0.065
HK68,OtherEpibutB*,2008,0.428,0.425,0.433
HK68,A,2009,0.569,0.565,0.574
HK68,B,2009,0.549,0.547,0.551
HK68,C,2009,0.682,0.679,0.685
HK68,D,2009,0.516,0.513,0.518
HK68,E,2009,0.513,0.508,0.522
HK68,B*,2009,0.683,0.679,0.686
HK68,non-epitope,2009,0.031,0.031,0.032
HK68,OtherbutB*,2009,0.082,0.081,0.082
HK68,OtherEpibutB*,2009,0.542,0.541,0.545
HK68,A,2010,0.562,0.558,0.567
HK68,B,2010,0.555,0.553,0.557
HK68,C,2010,0.618,0.614,0.622
HK68,D,2010,0.517,0.516,0.518
HK68,E,2010,0.51,0.504,0.517
HK68,B*,2010,0.688,0.685,0.69
HK68,non-epitope,2010,0.033,0.033,0.033
HK68,OtherbutB*,2010,0.082,0.082,0.083
HK68,OtherEpibutB*,2010,0.532,0.531,0.534
HK68,A,2011,0.536,0.533,0.54
HK68,B,2011,0.55,0.549,0.552
HK68,C,2011,0.618,0.614,0.621
HK68,D,2011,0.517,0.516,0.519
HK68,E,2011,0.51,0.505,0.517
HK68,B*,2011,0.684,0.681,0.686
HK68,non-epitope,2011,0.034,0.034,0.035
HK68,OtherbutB*,2011,0.082,0.082,0.083
HK68,OtherEpibutB*,2011,0.526,0.524,0.528
HK68,A,2012,0.516,0.514,0.521
HK68,B,2012,0.549,0.547,0.55
HK68,C,2012,0.626,0.624,0.629
HK68,D,2012,0.513,0.512,0.515
HK68,E,2012,0.514,0.51,0.521
HK68,B*,2012,0.678,0.676,0.68
HK68,non-epitope,2012,0.035,0.034,0.035
HK68,OtherbutB*,2012,0.083,0.082,0.083
HK68,OtherEpibutB*,2012,0.523,0.521,0.525
HK68,A,2013,0.481,0.479,0.484
HK68,B,2013,0.544,0.542,0.545
HK68,C,2013,0.664,0.662,0.667
HK68,D,2013,0.516,0.515,0.517
HK68,E,2013,0.516,0.511,0.523
HK68,B*,2013,0.682,0.68,0.685
HK68,non-epitope,2013,0.039,0.039,0.039
HK68,OtherbutB*,2013,0.086,0.086,0.086
HK68,OtherEpibutB*,2013,0.52,0.518,0.522
HK68,A,2014,0.474,0.47,0.478
HK68,B,2014,0.503,0.502,0.504
HK68,C,2014,0.677,0.675,0.679
HK68,D,2014,0.516,0.515,0.518
HK68,E,2014,0.515,0.51,0.523
HK68,B*,2014,0.641,0.639,0.644
HK68,non-epitope,2014,0.041,0.041,0.042
HK68,OtherbutB*,2014,0.087,0.087,0.088
HK68,OtherEpibutB*,2014,0.513,0.511,0.515
HK68,A,2015,0.494,0.489,0.499
HK68,B,2015,0.509,0.507,0.51
HK68,C,2015,0.679,0.678,0.68
HK68,D,2015,0.519,0.518,0.52
HK68,E,2015,0.518,0.513,0.525
HK68,B*,2015,0.658,0.656,0.66
HK68,non-epitope,2015,0.043,0.042,0.043
HK68,OtherbutB*,2015,0.089,0.089,0.09
HK68,OtherEpibutB*,2015,0.519,0.517,0.52
HK68,A,2016,0.491,0.486,0.496
HK68,B,2016,0.51,0.508,0.51
HK68,C,2016,0.679,0.678,0.68
HK68,D,2016,0.517,0.516,0.518
HK68,E,2016,0.519,0.513,0.526
HK68,B*,2016,0.648,0.646,0.65
HK68,non-epitope,2016,0.044,0.043,0.044
HK68,OtherbutB*,2016,0.09,0.09,0.091
HK68,OtherEpibutB*,2016,0.519,0.517,0.521
HK68,A,2017,0.495,0.491,0.5
HK68,B,2017,0.505,0.504,0.506
HK68,C,2017,0.671,0.67,0.672
HK68,D,2017,0.518,0.517,0.519
HK68,E,2017,0.522,0.516,0.529
HK68,B*,2017,0.661,0.66,0.663
HK68,non-epitope,2017,0.045,0.044,0.045
HK68,OtherbutB*,2017,0.091,0.091,0.091
HK68,OtherEpibutB*,2017,0.517,0.515,0.519
HK68,A,2018,0.5,0.494,0.504
HK68,B,2018,0.502,0.501,0.503
HK68,C,2018,0.672,0.671,0.674
HK68,D,2018,0.518,0.517,0.52
HK68,E,2018,0.53,0.525,0.537
HK68,B*,2018,0.641,0.638,0.643
HK68,non-epitope,2018,0.044,0.044,0.045
HK68,OtherbutB*,2018,0.091,0.091,0.092
HK68,OtherEpibutB*,2018,0.521,0.52,0.523
Bk79,A,1968,0.349,0.34,0.362
Bk79,B,1968,0.224,0.217,0.238
Bk79,C,1968,0.363,0.346,0.386
Bk79,D,1968,0.213,0.191,0.253
Bk79,E,1968,0.258,0.253,0.263
Bk79,B*,1968,0.241,0.231,0.284
Bk79,non-epitope,1968,0.014,0.013,0.015
Bk79,OtherbutB*,1968,0.039,0.038,0.041
Bk79,OtherEpibutB*,1968,0.275,0.267,0.284
Bk79,A,1969,0.352,0.346,0.364
Bk79,B,1969,0.224,0.217,0.238
Bk79,C,1969,0.363,0.346,0.386
Bk79,D,1969,0.213,0.192,0.249
Bk79,E,1969,0.247,0.23,0.277
Bk79,B*,1969,0.241,0.231,0.284
Bk79,non-epitope,1969,0.012,0.011,0.014
Bk79,OtherbutB*,1969,0.038,0.037,0.04
Bk79,OtherEpibutB*,1969,0.273,0.265,0.284
Bk79,A,1970,0.352,0.346,0.364
Bk79,B,1970,0.224,0.217,0.238
Bk79,C,1970,0.363,0.346,0.386
Bk79,D,1970,0.211,0.189,0.249
Bk79,E,1970,0.267,0.267,0.267
Bk79,B*,1970,0.241,0.231,0.284
Bk79,non-epitope,1970,0.012,0.012,0.014
Bk79,OtherbutB*,1970,0.038,0.037,0.04
Bk79,OtherEpibutB*,1970,0.277,0.269,0.286
Bk79,A,1971,0.335,0.317,0.364
Bk79,B,1971,0.173,0.156,0.206
Bk79,C,1971,0.338,0.31,0.386
Bk79,D,1971,0.2,0.185,0.233
Bk79,E,1971,0.221,0.213,0.23
Bk79,B*,1971,0.158,0.121,0.228
Bk79,non-epitope,1971,0.012,0.011,0.013
Bk79,OtherbutB*,1971,0.035,0.034,0.038
Bk79,OtherEpibutB*,1971,0.251,0.246,0.265
Bk79,A,1972,0.26,0.247,0.278
Bk79,B,1972,0.14,0.128,0.161
Bk79,C,1972,0.286,0.266,0.313
Bk79,D,1972,0.161,0.141,0.204
Bk79,E,1972,0.217,0.213,0.225
Bk79,B*,1972,0.214,0.187,0.271
Bk79,non-epitope,1972,0.01,0.009,0.011
Bk79,OtherbutB*,1972,0.029,0.028,0.031
Bk79,OtherEpibutB*,1972,0.202,0.195,0.213
Bk79,A,1973,0.223,0.203,0.249
Bk79,B,1973,0.122,0.109,0.145
Bk79,C,1973,0.276,0.26,0.3
Bk79,D,1973,0.168,0.144,0.211
Bk79,E,1973,0.187,0.174,0.213
Bk79,B*,1973,0.185,0.146,0.237
Bk79,non-epitope,1973,0.009,0.008,0.01
Bk79,OtherbutB*,1973,0.026,0.025,0.028
Bk79,OtherEpibutB*,1973,0.185,0.178,0.198
Bk79,A,1974,0.182,0.173,0.198
Bk79,B,1974,0.103,0.093,0.123
Bk79,C,1974,0.252,0.224,0.3
Bk79,D,1974,0.143,0.114,0.203
Bk79,E,1974,0.121,0.112,0.14
Bk79,B*,1974,0.148,0.128,0.196
Bk79,non-epitope,1974,0.007,0.007,0.009
Bk79,OtherbutB*,1974,0.021,0.021,0.024
Bk79,OtherEpibutB*,1974,0.15,0.143,0.165
Bk79,A,1975,0.18,0.157,0.216
Bk79,B,1975,0.128,0.099,0.171
Bk79,C,1975,0.185,0.135,0.236
Bk79,D,1975,0.123,0.088,0.198
Bk79,E,1975,0.138,0.122,0.164
Bk79,B*,1975,0.244,0.188,0.327
Bk79,non-epitope,1975,0.006,0.006,0.009
Bk79,OtherbutB*,1975,0.019,0.018,0.022
Bk79,OtherEpibutB*,1975,0.136,0.124,0.159
Bk79,A,1976,0.092,0.076,0.121
Bk79,B,1976,0.092,0.074,0.112
Bk79,C,1976,0.078,0.055,0.122
Bk79,D,1976,0.183,0.159,0.24
Bk79,E,1976,0.085,0.071,0.104
Bk79,B*,1976,0.168,0.136,0.218
Bk79,non-epitope,1976,0.005,0.004,0.006
Bk79,OtherbutB*,1976,0.014,0.013,0.016
Bk79,OtherEpibutB*,1976,0.1,0.093,0.118
Bk79,A,1977,0.066,0.043,0.09
Bk79,B,1977,0.064,0.047,0.093
Bk79,C,1977,0.048,0.031,0.088
Bk79,D,1977,0.125,0.1,0.173
Bk79,E,1977,0.049,0.034,0.07
Bk79,B*,1977,0.113,0.07,0.18
Bk79,non-epitope,1977,0.004,0.004,0.006
Bk79,OtherbutB*,1977,0.01,0.01,0.013
Bk79,OtherEpibutB*,1977,0.067,0.059,0.083
Bk79,A,1978,0.,0.,0.011
Bk79,B,1978,0.,0.,0.017
Bk79,C,1978,0.,0.,0.04
Bk79,D,1978,0.,0.,0.026
Bk79,E,1978,0.,0.,0.
Bk79,B*,1978,0.,0.,0.036
Bk79,non-epitope,1978,0.,0.,0.002
Bk79,OtherbutB*,1978,0.,0.,0.003
Bk79,OtherEpibutB*,1978,0.,0.,0.011
Bk79,A,1979,0.142,0.115,0.173
Bk79,B,1979,0.108,0.083,0.15
Bk79,C,1979,0.04,0.016,0.087
Bk79,D,1979,0.18,0.151,0.238
Bk79,E,1979,0.,0.,0.
Bk79,B*,1979,0.098,0.053,0.168
Bk79,non-epitope,1979,0.003,0.002,0.005
Bk79,OtherbutB*,1979,0.012,0.011,0.015
Bk79,OtherEpibutB*,1979,0.097,0.085,0.12
Bk79,A,1980,0.135,0.119,0.157
Bk79,B,1980,0.098,0.077,0.135
Bk79,C,1980,0.04,0.016,0.087
Bk79,D,1980,0.178,0.151,0.227
Bk79,E,1980,0.014,0.003,0.031
Bk79,B*,1980,0.052,0.008,0.129
Bk79,non-epitope,1980,0.004,0.003,0.006
Bk79,OtherbutB*,1980,0.013,0.012,0.016
Bk79,OtherEpibutB*,1980,0.1,0.091,0.122
Bk79,A,1981,0.173,0.173,0.173
Bk79,B,1981,0.1,0.08,0.13
Bk79,C,1981,0.04,0.016,0.087
Bk79,D,1981,0.168,0.144,0.211
Bk79,E,1981,0.053,0.053,0.053
Bk79,B*,1981,0.076,0.022,0.115
Bk79,non-epitope,1981,0.003,0.002,0.006
Bk79,OtherbutB*,1981,0.014,0.013,0.017
Bk79,OtherEpibutB*,1981,0.114,0.104,0.13
Bk79,A,1982,0.129,0.104,0.166
Bk79,B,1982,0.083,0.061,0.124
Bk79,C,1982,0.058,0.028,0.114
Bk79,D,1982,0.259,0.223,0.316
Bk79,E,1982,0.021,0.007,0.039
Bk79,B*,1982,0.062,0.026,0.14
Bk79,non-epitope,1982,0.005,0.004,0.007
Bk79,OtherbutB*,1982,0.015,0.015,0.019
Bk79,OtherEpibutB*,1982,0.115,0.106,0.141
Bk79,A,1983,0.158,0.133,0.184
Bk79,B,1983,0.095,0.073,0.137
Bk79,C,1983,0.087,0.051,0.16
Bk79,D,1983,0.293,0.26,0.358
Bk79,E,1983,0.01,0.,0.027
Bk79,B*,1983,0.04,0.01,0.115
Bk79,non-epitope,1983,0.006,0.005,0.009
Bk79,OtherbutB*,1983,0.019,0.018,0.022
Bk79,OtherEpibutB*,1983,0.137,0.128,0.159
Bk79,A,1984,0.173,0.173,0.173
Bk79,B,1984,0.108,0.085,0.158
Bk79,C,1984,0.126,0.103,0.173
Bk79,D,1984,0.399,0.376,0.442
Bk79,E,1984,0.,0.,0.
Bk79,B*,1984,0.076,0.022,0.115
Bk79,non-epitope,1984,0.007,0.007,0.009
Bk79,OtherbutB*,1984,0.023,0.022,0.026
Bk79,OtherEpibutB*,1984,0.167,0.156,0.187
Bk79,A,1985,0.162,0.148,0.173
Bk79,B,1985,0.114,0.094,0.145
Bk79,C,1985,0.13,0.103,0.177
Bk79,D,1985,0.351,0.325,0.397
Bk79,E,1985,0.,0.,0.
Bk79,B*,1985,0.039,0.015,0.088
Bk79,non-epitope,1985,0.008,0.007,0.009
Bk79,OtherbutB*,1985,0.023,0.022,0.025
Bk79,OtherEpibutB*,1985,0.16,0.15,0.179
Bk79,A,1986,0.189,0.177,0.203
Bk79,B,1986,0.181,0.162,0.217
Bk79,C,1986,0.126,0.103,0.173
Bk79,D,1986,0.342,0.318,0.384
Bk79,E,1986,0.,0.,0.
Bk79,B*,1986,0.124,0.067,0.201
Bk79,non-epitope,1986,0.009,0.008,0.011
Bk79,OtherbutB*,1986,0.025,0.024,0.028
Bk79,OtherEpibutB*,1986,0.173,0.163,0.19
Bk79,A,1987,0.245,0.231,0.266
Bk79,B,1987,0.252,0.231,0.303
Bk79,C,1987,0.126,0.103,0.173
Bk79,D,1987,0.342,0.318,0.384
Bk79,E,1987,0.066,0.053,0.086
Bk79,B*,1987,0.133,0.116,0.231
Bk79,non-epitope,1987,0.007,0.006,0.009
Bk79,OtherbutB*,1987,0.028,0.027,0.031
Bk79,OtherEpibutB*,1987,0.221,0.209,0.24
Bk79,A,1988,0.242,0.235,0.252
Bk79,B,1988,0.252,0.233,0.286
Bk79,C,1988,0.13,0.103,0.183
Bk79,D,1988,0.342,0.318,0.384
Bk79,E,1988,0.034,0.019,0.049
Bk79,B*,1988,0.148,0.12,0.213
Bk79,non-epitope,1988,0.008,0.007,0.01
Bk79,OtherbutB*,1988,0.028,0.027,0.03
Bk79,OtherEpibutB*,1988,0.211,0.202,0.23
Bk79,A,1989,0.274,0.259,0.299
Bk79,B,1989,0.261,0.244,0.29
Bk79,C,1989,0.187,0.155,0.24
Bk79,D,1989,0.342,0.318,0.384
Bk79,E,1989,0.119,0.107,0.141
Bk79,B*,1989,0.151,0.124,0.199
Bk79,non-epitope,1989,0.007,0.006,0.009
Bk79,OtherbutB*,1989,0.031,0.03,0.034
Bk79,OtherEpibutB*,1989,0.249,0.239,0.266
Bk79,A,1990,0.3,0.289,0.313
Bk79,B,1990,0.285,0.262,0.32
Bk79,C,1990,0.219,0.194,0.268
Bk79,D,1990,0.347,0.322,0.39
Bk79,E,1990,0.17,0.162,0.182
Bk79,B*,1990,0.206,0.15,0.276
Bk79,non-epitope,1990,0.008,0.007,0.009
Bk79,OtherbutB*,1990,0.034,0.033,0.036
Bk79,OtherEpibutB*,1990,0.274,0.266,0.291
Bk79,A,1991,0.351,0.34,0.372
Bk79,B,1991,0.32,0.298,0.353
Bk79,C,1991,0.22,0.195,0.27
Bk79,D,1991,0.331,0.313,0.37
Bk79,E,1991,0.168,0.163,0.173
Bk79,B*,1991,0.31,0.255,0.374
Bk79,non-epitope,1991,0.008,0.008,0.01
Bk79,OtherbutB*,1991,0.035,0.034,0.037
Bk79,OtherEpibutB*,1991,0.28,0.272,0.296
Bk79,A,1992,0.323,0.305,0.345
Bk79,B,1992,0.33,0.312,0.361
Bk79,C,1992,0.227,0.206,0.276
Bk79,D,1992,0.313,0.291,0.353
Bk79,E,1992,0.175,0.168,0.182
Bk79,B*,1992,0.324,0.283,0.389
Bk79,non-epitope,1992,0.009,0.008,0.011
Bk79,OtherbutB*,1992,0.035,0.034,0.037
Bk79,OtherEpibutB*,1992,0.274,0.265,0.292
Bk79,A,1993,0.296,0.277,0.32
Bk79,B,1993,0.357,0.341,0.379
Bk79,C,1993,0.272,0.247,0.325
Bk79,D,1993,0.335,0.307,0.376
Bk79,E,1993,0.207,0.2,0.213
Bk79,B*,1993,0.333,0.32,0.364
Bk79,non-epitope,1993,0.01,0.009,0.011
Bk79,OtherbutB*,1993,0.038,0.037,0.04
Bk79,OtherEpibutB*,1993,0.294,0.284,0.314
Bk79,A,1994,0.317,0.298,0.342
Bk79,B,1994,0.371,0.351,0.393
Bk79,C,1994,0.289,0.261,0.347
Bk79,D,1994,0.353,0.33,0.393
Bk79,E,1994,0.209,0.201,0.215
Bk79,B*,1994,0.362,0.349,0.401
Bk79,non-epitope,1994,0.012,0.011,0.014
Bk79,OtherbutB*,1994,0.041,0.04,0.043
Bk79,OtherEpibutB*,1994,0.306,0.298,0.328
Bk79,A,1995,0.295,0.274,0.318
Bk79,B,1995,0.34,0.323,0.361
Bk79,C,1995,0.366,0.338,0.42
Bk79,D,1995,0.363,0.347,0.397
Bk79,E,1995,0.216,0.214,0.218
Bk79,B*,1995,0.361,0.348,0.4
Bk79,non-epitope,1995,0.011,0.01,0.012
Bk79,OtherbutB*,1995,0.04,0.039,0.042
Bk79,OtherEpibutB*,1995,0.307,0.301,0.322
Bk79,A,1996,0.308,0.295,0.332
Bk79,B,1996,0.346,0.328,0.367
Bk79,C,1996,0.398,0.368,0.451
Bk79,D,1996,0.37,0.357,0.404
Bk79,E,1996,0.225,0.222,0.23
Bk79,B*,1996,0.373,0.357,0.419
Bk79,non-epitope,1996,0.011,0.01,0.013
Bk79,OtherbutB*,1996,0.041,0.041,0.043
Bk79,OtherEpibutB*,1996,0.319,0.312,0.333
Bk79,A,1997,0.352,0.344,0.372
Bk79,B,1997,0.382,0.364,0.405
Bk79,C,1997,0.394,0.364,0.45
Bk79,D,1997,0.379,0.363,0.41
Bk79,E,1997,0.25,0.241,0.259
Bk79,B*,1997,0.456,0.435,0.49
Bk79,non-epitope,1997,0.012,0.011,0.014
Bk79,OtherbutB*,1997,0.044,0.044,0.046
Bk79,OtherEpibutB*,1997,0.337,0.331,0.352
Bk79,A,1998,0.388,0.379,0.402
Bk79,B,1998,0.432,0.42,0.454
Bk79,C,1998,0.395,0.37,0.445
Bk79,D,1998,0.379,0.366,0.411
Bk79,E,1998,0.265,0.257,0.272
Bk79,B*,1998,0.603,0.581,0.629
Bk79,non-epitope,1998,0.012,0.011,0.013
Bk79,OtherbutB*,1998,0.045,0.044,0.047
Bk79,OtherEpibutB*,1998,0.347,0.341,0.36
Bk79,A,1999,0.458,0.449,0.471
Bk79,B,1999,0.479,0.466,0.496
Bk79,C,1999,0.388,0.364,0.436
Bk79,D,1999,0.399,0.386,0.432
Bk79,E,1999,0.31,0.305,0.314
Bk79,B*,1999,0.684,0.677,0.693
Bk79,non-epitope,1999,0.013,0.012,0.014
Bk79,OtherbutB*,1999,0.049,0.048,0.051
Bk79,OtherEpibutB*,1999,0.381,0.376,0.394
Bk79,A,2000,0.46,0.451,0.475
Bk79,B,2000,0.503,0.488,0.519
Bk79,C,2000,0.403,0.372,0.453
Bk79,D,2000,0.431,0.415,0.462
Bk79,E,2000,0.341,0.338,0.344
Bk79,B*,2000,0.693,0.693,0.693
Bk79,non-epitope,2000,0.014,0.014,0.016
Bk79,OtherbutB*,2000,0.053,0.052,0.055
Bk79,OtherEpibutB*,2000,0.404,0.398,0.417
Bk79,A,2001,0.436,0.428,0.45
Bk79,B,2001,0.52,0.504,0.536
Bk79,C,2001,0.408,0.384,0.458
Bk79,D,2001,0.435,0.421,0.468
Bk79,E,2001,0.31,0.304,0.318
Bk79,B*,2001,0.693,0.693,0.693
Bk79,non-epitope,2001,0.015,0.014,0.016
Bk79,OtherbutB*,2001,0.053,0.052,0.054
Bk79,OtherEpibutB*,2001,0.398,0.391,0.412
Bk79,A,2002,0.392,0.383,0.407
Bk79,B,2002,0.547,0.532,0.563
Bk79,C,2002,0.396,0.371,0.444
Bk79,D,2002,0.431,0.415,0.462
Bk79,E,2002,0.303,0.3,0.307
Bk79,B*,2002,0.693,0.693,0.693
Bk79,non-epitope,2002,0.017,0.016,0.018
Bk79,OtherbutB*,2002,0.053,0.053,0.055
Bk79,OtherEpibutB*,2002,0.392,0.385,0.405
Bk79,A,2003,0.409,0.4,0.42
Bk79,B,2003,0.539,0.524,0.556
Bk79,C,2003,0.453,0.427,0.501
Bk79,D,2003,0.43,0.415,0.462
Bk79,E,2003,0.311,0.308,0.314
Bk79,B*,2003,0.672,0.665,0.678
Bk79,non-epitope,2003,0.02,0.019,0.022
Bk79,OtherbutB*,2003,0.058,0.057,0.06
Bk79,OtherEpibutB*,2003,0.406,0.398,0.42
Bk79,A,2004,0.358,0.349,0.371
Bk79,B,2004,0.542,0.529,0.559
Bk79,C,2004,0.47,0.446,0.519
Bk79,D,2004,0.429,0.414,0.461
Bk79,E,2004,0.319,0.317,0.321
Bk79,B*,2004,0.682,0.677,0.687
Bk79,non-epitope,2004,0.022,0.021,0.023
Bk79,OtherbutB*,2004,0.059,0.058,0.061
Bk79,OtherEpibutB*,2004,0.399,0.392,0.413
Bk79,A,2005,0.354,0.348,0.365
Bk79,B,2005,0.543,0.529,0.56
Bk79,C,2005,0.467,0.44,0.516
Bk79,D,2005,0.427,0.412,0.46
Bk79,E,2005,0.315,0.312,0.317
Bk79,B*,2005,0.682,0.676,0.687
Bk79,non-epitope,2005,0.022,0.022,0.024
Bk79,OtherbutB*,2005,0.059,0.059,0.061
Bk79,OtherEpibutB*,2005,0.396,0.39,0.41
Bk79,A,2006,0.319,0.31,0.332
Bk79,B,2006,0.53,0.517,0.549
Bk79,C,2006,0.476,0.451,0.523
Bk79,D,2006,0.427,0.409,0.459
Bk79,E,2006,0.32,0.318,0.323
Bk79,B*,2006,0.693,0.693,0.693
Bk79,non-epitope,2006,0.022,0.021,0.024
Bk79,OtherbutB*,2006,0.058,0.057,0.06
Bk79,OtherEpibutB*,2006,0.386,0.38,0.399
Bk79,A,2007,0.31,0.304,0.323
Bk79,B,2007,0.529,0.513,0.545
Bk79,C,2007,0.472,0.449,0.521
Bk79,D,2007,0.423,0.408,0.455
Bk79,E,2007,0.318,0.316,0.32
Bk79,B*,2007,0.688,0.684,0.691
Bk79,non-epitope,2007,0.022,0.021,0.024
Bk79,OtherbutB*,2007,0.057,0.057,0.059
Bk79,OtherEpibutB*,2007,0.382,0.374,0.396
Bk79,A,2008,0.313,0.304,0.325
Bk79,B,2008,0.458,0.442,0.476
Bk79,C,2008,0.411,0.39,0.457
Bk79,D,2008,0.344,0.33,0.375
Bk79,E,2008,0.276,0.27,0.282
Bk79,B*,2008,0.599,0.588,0.608
Bk79,non-epitope,2008,0.019,0.019,0.021
Bk79,OtherbutB*,2008,0.051,0.05,0.053
Bk79,OtherEpibutB*,2008,0.336,0.329,0.35
Bk79,A,2009,0.348,0.345,0.359
Bk79,B,2009,0.503,0.488,0.52
Bk79,C,2009,0.47,0.447,0.518
Bk79,D,2009,0.427,0.412,0.459
Bk79,E,2009,0.285,0.283,0.287
Bk79,B*,2009,0.686,0.683,0.688
Bk79,non-epitope,2009,0.023,0.022,0.024
Bk79,OtherbutB*,2009,0.058,0.057,0.06
Bk79,OtherEpibutB*,2009,0.376,0.369,0.39
Bk79,A,2010,0.339,0.336,0.35
Bk79,B,2010,0.495,0.481,0.511
Bk79,C,2010,0.493,0.467,0.542
Bk79,D,2010,0.426,0.411,0.458
Bk79,E,2010,0.305,0.303,0.308
Bk79,B*,2010,0.686,0.683,0.688
Bk79,non-epitope,2010,0.025,0.024,0.026
Bk79,OtherbutB*,2010,0.06,0.059,0.061
Bk79,OtherEpibutB*,2010,0.38,0.374,0.393
Bk79,A,2011,0.336,0.333,0.346
Bk79,B,2011,0.489,0.474,0.504
Bk79,C,2011,0.484,0.46,0.533
Bk79,D,2011,0.422,0.406,0.455
Bk79,E,2011,0.31,0.308,0.311
Bk79,B*,2011,0.681,0.677,0.684
Bk79,non-epitope,2011,0.026,0.025,0.028
Bk79,OtherbutB*,2011,0.06,0.06,0.062
Bk79,OtherEpibutB*,2011,0.377,0.371,0.391
Bk79,A,2012,0.333,0.33,0.345
Bk79,B,2012,0.482,0.467,0.498
Bk79,C,2012,0.464,0.44,0.511
Bk79,D,2012,0.423,0.407,0.454
Bk79,E,2012,0.311,0.309,0.312
Bk79,B*,2012,0.668,0.665,0.67
Bk79,non-epitope,2012,0.027,0.026,0.028
Bk79,OtherbutB*,2012,0.061,0.06,0.062
Bk79,OtherEpibutB*,2012,0.373,0.366,0.387
Bk79,A,2013,0.351,0.346,0.365
Bk79,B,2013,0.485,0.47,0.5
Bk79,C,2013,0.47,0.446,0.517
Bk79,D,2013,0.427,0.411,0.459
Bk79,E,2013,0.316,0.314,0.317
Bk79,B*,2013,0.684,0.68,0.685
Bk79,non-epitope,2013,0.031,0.03,0.032
Bk79,OtherbutB*,2013,0.065,0.064,0.067
Bk79,OtherEpibutB*,2013,0.379,0.372,0.393
Bk79,A,2014,0.362,0.357,0.375
Bk79,B,2014,0.451,0.444,0.464
Bk79,C,2014,0.469,0.446,0.516
Bk79,D,2014,0.428,0.413,0.46
Bk79,E,2014,0.304,0.303,0.305
Bk79,B*,2014,0.648,0.646,0.651
Bk79,non-epitope,2014,0.033,0.032,0.034
Bk79,OtherbutB*,2014,0.066,0.066,0.068
Bk79,OtherEpibutB*,2014,0.373,0.368,0.386
Bk79,A,2015,0.382,0.377,0.395
Bk79,B,2015,0.463,0.462,0.47
Bk79,C,2015,0.472,0.448,0.519
Bk79,D,2015,0.429,0.413,0.46
Bk79,E,2015,0.308,0.307,0.309
Bk79,B*,2015,0.666,0.664,0.668
Bk79,non-epitope,2015,0.034,0.034,0.036
Bk79,OtherbutB*,2015,0.068,0.068,0.07
Bk79,OtherEpibutB*,2015,0.381,0.376,0.393
Bk79,A,2016,0.381,0.375,0.393
Bk79,B,2016,0.468,0.467,0.473
Bk79,C,2016,0.471,0.448,0.518
Bk79,D,2016,0.429,0.414,0.46
Bk79,E,2016,0.317,0.317,0.318
Bk79,B*,2016,0.659,0.657,0.661
Bk79,non-epitope,2016,0.036,0.035,0.037
Bk79,OtherbutB*,2016,0.07,0.069,0.072
Bk79,OtherEpibutB*,2016,0.384,0.379,0.396
Bk79,A,2017,0.39,0.384,0.402
Bk79,B,2017,0.469,0.469,0.475
Bk79,C,2017,0.474,0.451,0.521
Bk79,D,2017,0.428,0.413,0.459
Bk79,E,2017,0.323,0.322,0.323
Bk79,B*,2017,0.681,0.68,0.682
Bk79,non-epitope,2017,0.037,0.036,0.038
Bk79,OtherbutB*,2017,0.071,0.07,0.073
Bk79,OtherEpibutB*,2017,0.386,0.38,0.397
Bk79,A,2018,0.395,0.389,0.408
Bk79,B,2018,0.468,0.468,0.473
Bk79,C,2018,0.472,0.449,0.519
Bk79,D,2018,0.429,0.414,0.46
Bk79,E,2018,0.326,0.325,0.327
Bk79,B*,2018,0.669,0.668,0.671
Bk79,non-epitope,2018,0.036,0.035,0.038
Bk79,OtherbutB*,2018,0.071,0.07,0.073
Bk79,OtherEpibutB*,2018,0.389,0.384,0.4
Bei89,A,1968,0.511,0.505,0.519
Bei89,B,1968,0.413,0.401,0.424
Bei89,C,1968,0.524,0.52,0.53
Bei89,D,1968,0.406,0.405,0.408
Bei89,E,1968,0.29,0.274,0.313
Bei89,B*,1968,0.399,0.376,0.426
Bei89,non-epitope,1968,0.017,0.016,0.017
Bei89,OtherbutB*,1968,0.057,0.056,0.057
Bei89,OtherEpibutB*,1968,0.421,0.416,0.428
Bei89,A,1969,0.522,0.52,0.529
Bei89,B,1969,0.413,0.401,0.424
Bei89,C,1969,0.524,0.52,0.53
Bei89,D,1969,0.41,0.404,0.426
Bei89,E,1969,0.278,0.252,0.314
Bei89,B*,1969,0.399,0.376,0.426
Bei89,non-epitope,1969,0.015,0.014,0.017
Bei89,OtherbutB*,1969,0.055,0.054,0.057
Bei89,OtherEpibutB*,1969,0.422,0.415,0.432
Bei89,A,1970,0.522,0.52,0.529
Bei89,B,1970,0.413,0.401,0.424
Bei89,C,1970,0.524,0.52,0.53
Bei89,D,1970,0.404,0.404,0.404
Bei89,E,1970,0.298,0.285,0.322
Bei89,B*,1970,0.399,0.376,0.426
Bei89,non-epitope,1970,0.015,0.015,0.016
Bei89,OtherbutB*,1970,0.056,0.055,0.057
Bei89,OtherEpibutB*,1970,0.425,0.421,0.432
Bei89,A,1971,0.522,0.52,0.529
Bei89,B,1971,0.358,0.338,0.384
Bei89,C,1971,0.499,0.479,0.526
Bei89,D,1971,0.378,0.36,0.404
Bei89,E,1971,0.252,0.239,0.277
Bei89,B*,1971,0.303,0.26,0.363
Bei89,non-epitope,1971,0.015,0.014,0.016
Bei89,OtherbutB*,1971,0.052,0.052,0.054
Bei89,OtherEpibutB*,1971,0.4,0.393,0.411
Bei89,A,1972,0.486,0.477,0.501
Bei89,B,1972,0.355,0.341,0.379
Bei89,C,1972,0.446,0.435,0.46
Bei89,D,1972,0.3,0.293,0.308
Bei89,E,1972,0.249,0.234,0.272
Bei89,B*,1972,0.365,0.332,0.413
Bei89,non-epitope,1972,0.013,0.012,0.014
Bei89,OtherbutB*,1972,0.047,0.046,0.048
Bei89,OtherEpibutB*,1972,0.359,0.353,0.368
Bei89,A,1973,0.448,0.434,0.469
Bei89,B,1973,0.34,0.32,0.368
Bei89,C,1973,0.437,0.433,0.443
Bei89,D,1973,0.289,0.289,0.289
Bei89,E,1973,0.219,0.201,0.254
Bei89,B*,1973,0.344,0.302,0.397
Bei89,non-epitope,1973,0.011,0.011,0.012
Bei89,OtherbutB*,1973,0.043,0.043,0.045
Bei89,OtherEpibutB*,1973,0.337,0.331,0.347
Bei89,A,1974,0.41,0.404,0.421
Bei89,B,1974,0.325,0.308,0.347
Bei89,C,1974,0.412,0.389,0.44
Bei89,D,1974,0.264,0.246,0.298
Bei89,E,1974,0.155,0.137,0.189
Bei89,B*,1974,0.303,0.269,0.343
Bei89,non-epitope,1974,0.01,0.009,0.011
Bei89,OtherbutB*,1974,0.039,0.039,0.041
Bei89,OtherEpibutB*,1974,0.305,0.297,0.317
Bei89,A,1975,0.405,0.385,0.433
Bei89,B,1975,0.361,0.332,0.391
Bei89,C,1975,0.346,0.31,0.386
Bei89,D,1975,0.256,0.234,0.303
Bei89,E,1975,0.171,0.15,0.206
Bei89,B*,1975,0.374,0.32,0.442
Bei89,non-epitope,1975,0.01,0.009,0.011
Bei89,OtherbutB*,1975,0.038,0.037,0.041
Bei89,OtherEpibutB*,1975,0.299,0.287,0.318
Bei89,A,1976,0.328,0.313,0.352
Bei89,B,1976,0.355,0.332,0.385
Bei89,C,1976,0.23,0.199,0.271
Bei89,D,1976,0.324,0.294,0.354
Bei89,E,1976,0.114,0.095,0.145
Bei89,B*,1976,0.323,0.28,0.376
Bei89,non-epitope,1976,0.008,0.008,0.009
Bei89,OtherbutB*,1976,0.034,0.033,0.036
Bei89,OtherEpibutB*,1976,0.271,0.265,0.287
Bei89,A,1977,0.29,0.267,0.32
Bei89,B,1977,0.324,0.304,0.357
Bei89,C,1977,0.172,0.141,0.209
Bei89,D,1977,0.3,0.272,0.34
Bei89,E,1977,0.082,0.06,0.113
Bei89,B*,1977,0.265,0.222,0.346
Bei89,non-epitope,1977,0.009,0.008,0.01
Bei89,OtherbutB*,1977,0.032,0.031,0.034
Bei89,OtherEpibutB*,1977,0.239,0.229,0.257
Bei89,A,1978,0.242,0.233,0.251
Bei89,B,1978,0.252,0.232,0.282
Bei89,C,1978,0.13,0.103,0.18
Bei89,D,1978,0.342,0.318,0.384
Bei89,E,1978,0.034,0.021,0.059
Bei89,B*,1978,0.148,0.12,0.199
Bei89,non-epitope,1978,0.008,0.007,0.01
Bei89,OtherbutB*,1978,0.028,0.026,0.03
Bei89,OtherEpibutB*,1978,0.211,0.205,0.227
Bei89,A,1979,0.126,0.115,0.162
Bei89,B,1979,0.181,0.171,0.211
Bei89,C,1979,0.09,0.087,0.097
Bei89,D,1979,0.142,0.115,0.173
Bei89,E,1979,0.034,0.021,0.059
Bei89,B*,1979,0.151,0.137,0.243
Bei89,non-epitope,1979,0.006,0.005,0.007
Bei89,OtherbutB*,1979,0.017,0.016,0.018
Bei89,OtherEpibutB*,1979,0.116,0.108,0.132
Bei89,A,1980,0.119,0.116,0.132
Bei89,B,1980,0.155,0.139,0.192
Bei89,C,1980,0.09,0.087,0.097
Bei89,D,1980,0.173,0.173,0.173
Bei89,E,1980,0.048,0.031,0.07
Bei89,B*,1980,0.138,0.121,0.172
Bei89,non-epitope,1980,0.006,0.006,0.007
Bei89,OtherbutB*,1980,0.017,0.017,0.019
Bei89,OtherEpibutB*,1980,0.118,0.112,0.13
Bei89,A,1981,0.126,0.118,0.136
Bei89,B,1981,0.18,0.163,0.195
Bei89,C,1981,0.09,0.087,0.097
Bei89,D,1981,0.173,0.173,0.173
Bei89,E,1981,0.087,0.074,0.113
Bei89,B*,1981,0.148,0.124,0.172
Bei89,non-epitope,1981,0.006,0.005,0.008
Bei89,OtherbutB*,1981,0.019,0.018,0.021
Bei89,OtherEpibutB*,1981,0.135,0.13,0.142
Bei89,A,1982,0.151,0.137,0.171
Bei89,B,1982,0.173,0.157,0.202
Bei89,C,1982,0.036,0.015,0.066
Bei89,D,1982,0.051,0.035,0.078
Bei89,E,1982,0.054,0.032,0.083
Bei89,B*,1982,0.149,0.131,0.184
Bei89,non-epitope,1982,0.006,0.005,0.007
Bei89,OtherbutB*,1982,0.015,0.014,0.017
Bei89,OtherEpibutB*,1982,0.096,0.088,0.109
Bei89,A,1983,0.079,0.064,0.096
Bei89,B,1983,0.156,0.139,0.191
Bei89,C,1983,0.028,0.003,0.06
Bei89,D,1983,0.04,0.023,0.065
Bei89,E,1983,0.043,0.026,0.074
Bei89,B*,1983,0.129,0.118,0.167
Bei89,non-epitope,1983,0.003,0.002,0.005
Bei89,OtherbutB*,1983,0.01,0.009,0.012
Bei89,OtherEpibutB*,1983,0.072,0.062,0.087
Bei89,A,1984,0.068,0.06,0.078
Bei89,B,1984,0.188,0.168,0.226
Bei89,C,1984,0.004,0.,0.01
Bei89,D,1984,0.066,0.058,0.076
Bei89,E,1984,0.034,0.021,0.059
Bei89,B*,1984,0.148,0.124,0.172
Bei89,non-epitope,1984,0.002,0.001,0.003
Bei89,OtherbutB*,1984,0.009,0.008,0.011
Bei89,OtherEpibutB*,1984,0.076,0.069,0.086
Bei89,A,1985,0.07,0.062,0.081
Bei89,B,1985,0.115,0.1,0.137
Bei89,C,1985,0.007,0.,0.017
Bei89,D,1985,0.012,0.002,0.03
Bei89,E,1985,0.034,0.021,0.059
Bei89,B*,1985,0.066,0.035,0.106
Bei89,non-epitope,1985,0.002,0.001,0.003
Bei89,OtherbutB*,1985,0.007,0.006,0.008
Bei89,OtherEpibutB*,1985,0.053,0.047,0.062
Bei89,A,1986,0.049,0.037,0.073
Bei89,B,1986,0.117,0.102,0.144
Bei89,C,1986,0.004,0.,0.01
Bei89,D,1986,0.008,0.,0.018
Bei89,E,1986,0.034,0.021,0.059
Bei89,B*,1986,0.057,0.028,0.098
Bei89,non-epitope,1986,0.003,0.002,0.004
Bei89,OtherbutB*,1986,0.008,0.007,0.009
Bei89,OtherEpibutB*,1986,0.049,0.045,0.062
Bei89,A,1987,0.032,0.016,0.061
Bei89,B,1987,0.022,0.016,0.055
Bei89,C,1987,0.004,0.,0.01
Bei89,D,1987,0.014,0.002,0.032
Bei89,E,1987,0.025,0.01,0.045
Bei89,B*,1987,0.023,0.007,0.067
Bei89,non-epitope,1987,0.002,0.001,0.002
Bei89,OtherbutB*,1987,0.003,0.003,0.005
Bei89,OtherEpibutB*,1987,0.021,0.016,0.033
Bei89,A,1988,0.,0.,0.013
Bei89,B,1988,0.,0.,0.016
Bei89,C,1988,0.,0.,0.01
Bei89,D,1988,0.,0.,0.008
Bei89,E,1988,0.,0.,0.014
Bei89,B*,1988,0.,0.,0.026
Bei89,non-epitope,1988,0.,0.,0.001
Bei89,OtherbutB*,1988,0.,0.,0.001
Bei89,OtherEpibutB*,1988,0.,0.,0.008
Bei89,A,1989,0.039,0.025,0.065
Bei89,B,1989,0.01,0.004,0.022
Bei89,C,1989,0.044,0.023,0.077
Bei89,D,1989,0.003,0.,0.012
Bei89,E,1989,0.057,0.042,0.086
Bei89,B*,1989,0.006,0.001,0.03
Bei89,non-epitope,1989,0.002,0.001,0.003
Bei89,OtherbutB*,1989,0.005,0.004,0.006
Bei89,OtherEpibutB*,1989,0.031,0.026,0.043
Bei89,A,1990,0.062,0.046,0.088
Bei89,B,1990,0.021,0.012,0.042
Bei89,C,1990,0.074,0.06,0.1
Bei89,D,1990,0.016,0.004,0.026
Bei89,E,1990,0.102,0.084,0.124
Bei89,B*,1990,0.041,0.018,0.092
Bei89,non-epitope,1990,0.002,0.002,0.003
Bei89,OtherbutB*,1990,0.007,0.007,0.009
Bei89,OtherEpibutB*,1990,0.053,0.045,0.063
Bei89,A,1991,0.11,0.094,0.142
Bei89,B,1991,0.065,0.056,0.082
Bei89,C,1991,0.076,0.058,0.096
Bei89,D,1991,0.03,0.021,0.042
Bei89,E,1991,0.099,0.079,0.118
Bei89,B*,1991,0.159,0.134,0.206
Bei89,non-epitope,1991,0.003,0.002,0.004
Bei89,OtherbutB*,1991,0.009,0.008,0.011
Bei89,OtherEpibutB*,1991,0.066,0.059,0.079
Bei89,A,1992,0.108,0.086,0.136
Bei89,B,1992,0.087,0.075,0.101
Bei89,C,1992,0.082,0.066,0.112
Bei89,D,1992,0.035,0.022,0.047
Bei89,E,1992,0.107,0.082,0.128
Bei89,B*,1992,0.187,0.163,0.22
Bei89,non-epitope,1992,0.003,0.003,0.004
Bei89,OtherbutB*,1992,0.01,0.009,0.011
Bei89,OtherEpibutB*,1992,0.073,0.064,0.082
Bei89,A,1993,0.134,0.116,0.157
Bei89,B,1993,0.171,0.156,0.188
Bei89,C,1993,0.128,0.111,0.154
Bei89,D,1993,0.019,0.01,0.029
Bei89,E,1993,0.138,0.117,0.159
Bei89,B*,1993,0.256,0.228,0.292
Bei89,non-epitope,1993,0.004,0.004,0.005
Bei89,OtherbutB*,1993,0.014,0.014,0.016
Bei89,OtherEpibutB*,1993,0.106,0.1,0.117
Bei89,A,1994,0.17,0.149,0.193
Bei89,B,1994,0.198,0.185,0.212
Bei89,C,1994,0.144,0.124,0.172
Bei89,D,1994,0.021,0.013,0.031
Bei89,E,1994,0.14,0.118,0.161
Bei89,B*,1994,0.293,0.265,0.324
Bei89,non-epitope,1994,0.006,0.006,0.007
Bei89,OtherbutB*,1994,0.017,0.017,0.019
Bei89,OtherEpibutB*,1994,0.121,0.113,0.132
Bei89,A,1995,0.229,0.213,0.245
Bei89,B,1995,0.222,0.207,0.241
Bei89,C,1995,0.222,0.203,0.25
Bei89,D,1995,0.138,0.123,0.152
Bei89,E,1995,0.147,0.128,0.168
Bei89,B*,1995,0.294,0.265,0.323
Bei89,non-epitope,1995,0.005,0.005,0.006
Bei89,OtherbutB*,1995,0.023,0.022,0.024
Bei89,OtherEpibutB*,1995,0.179,0.174,0.189
Bei89,A,1996,0.253,0.238,0.274
Bei89,B,1996,0.242,0.229,0.256
Bei89,C,1996,0.255,0.234,0.28
Bei89,D,1996,0.167,0.156,0.182
Bei89,E,1996,0.156,0.14,0.177
Bei89,B*,1996,0.301,0.272,0.333
Bei89,non-epitope,1996,0.006,0.005,0.007
Bei89,OtherbutB*,1996,0.025,0.025,0.027
Bei89,OtherEpibutB*,1996,0.203,0.197,0.216
Bei89,A,1997,0.306,0.289,0.338
Bei89,B,1997,0.274,0.262,0.289
Bei89,C,1997,0.256,0.24,0.283
Bei89,D,1997,0.182,0.175,0.192
Bei89,E,1997,0.182,0.158,0.204
Bei89,B*,1997,0.372,0.342,0.406
Bei89,non-epitope,1997,0.007,0.006,0.007
Bei89,OtherbutB*,1997,0.028,0.027,0.029
Bei89,OtherEpibutB*,1997,0.226,0.217,0.238
Bei89,A,1998,0.35,0.326,0.374
Bei89,B,1998,0.321,0.314,0.334
Bei89,C,1998,0.25,0.233,0.271
Bei89,D,1998,0.183,0.176,0.192
Bei89,E,1998,0.196,0.175,0.218
Bei89,B*,1998,0.496,0.477,0.518
Bei89,non-epitope,1998,0.006,0.006,0.007
Bei89,OtherbutB*,1998,0.029,0.028,0.03
Bei89,OtherEpibutB*,1998,0.238,0.232,0.249
Bei89,A,1999,0.416,0.4,0.442
Bei89,B,1999,0.363,0.354,0.376
Bei89,C,1999,0.247,0.23,0.267
Bei89,D,1999,0.182,0.174,0.192
Bei89,E,1999,0.241,0.22,0.261
Bei89,B*,1999,0.566,0.558,0.575
Bei89,non-epitope,1999,0.007,0.007,0.008
Bei89,OtherbutB*,1999,0.033,0.032,0.034
Bei89,OtherEpibutB*,1999,0.267,0.261,0.278
Bei89,A,2000,0.417,0.398,0.443
Bei89,B,2000,0.383,0.373,0.396
Bei89,C,2000,0.259,0.243,0.283
Bei89,D,2000,0.182,0.174,0.191
Bei89,E,2000,0.273,0.254,0.293
Bei89,B*,2000,0.578,0.577,0.578
Bei89,non-epitope,2000,0.009,0.008,0.01
Bei89,OtherbutB*,2000,0.036,0.035,0.037
Bei89,OtherEpibutB*,2000,0.281,0.274,0.292
Bei89,A,2001,0.425,0.407,0.451
Bei89,B,2001,0.398,0.387,0.411
Bei89,C,2001,0.264,0.247,0.289
Bei89,D,2001,0.186,0.178,0.195
Bei89,E,2001,0.242,0.221,0.262
Bei89,B*,2001,0.578,0.577,0.578
Bei89,non-epitope,2001,0.01,0.009,0.01
Bei89,OtherbutB*,2001,0.036,0.036,0.038
Bei89,OtherEpibutB*,2001,0.282,0.273,0.292
Bei89,A,2002,0.401,0.384,0.427
Bei89,B,2002,0.427,0.417,0.438
Bei89,C,2002,0.254,0.238,0.274
Bei89,D,2002,0.182,0.174,0.191
Bei89,E,2002,0.236,0.218,0.256
Bei89,B*,2002,0.578,0.577,0.578
Bei89,non-epitope,2002,0.011,0.011,0.012
Bei89,OtherbutB*,2002,0.038,0.037,0.039
Bei89,OtherEpibutB*,2002,0.281,0.274,0.292
Bei89,A,2003,0.39,0.376,0.416
Bei89,B,2003,0.451,0.441,0.463
Bei89,C,2003,0.308,0.29,0.331
Bei89,D,2003,0.182,0.175,0.192
Bei89,E,2003,0.252,0.235,0.268
Bei89,B*,2003,0.562,0.555,0.568
Bei89,non-epitope,2003,0.015,0.014,0.015
Bei89,OtherbutB*,2003,0.043,0.042,0.044
Bei89,OtherEpibutB*,2003,0.299,0.294,0.309
Bei89,A,2004,0.352,0.349,0.365
Bei89,B,2004,0.484,0.473,0.496
Bei89,C,2004,0.325,0.307,0.347
Bei89,D,2004,0.185,0.177,0.193
Bei89,E,2004,0.264,0.248,0.282
Bei89,B*,2004,0.633,0.625,0.64
Bei89,non-epitope,2004,0.016,0.016,0.017
Bei89,OtherbutB*,2004,0.044,0.043,0.045
Bei89,OtherEpibutB*,2004,0.298,0.293,0.307
Bei89,A,2005,0.354,0.347,0.363
Bei89,B,2005,0.5,0.49,0.512
Bei89,C,2005,0.325,0.306,0.347
Bei89,D,2005,0.19,0.184,0.198
Bei89,E,2005,0.258,0.242,0.275
Bei89,B*,2005,0.676,0.669,0.683
Bei89,non-epitope,2005,0.017,0.017,0.018
Bei89,OtherbutB*,2005,0.045,0.044,0.046
Bei89,OtherEpibutB*,2005,0.299,0.293,0.306
Bei89,A,2006,0.336,0.328,0.346
Bei89,B,2006,0.492,0.482,0.505
Bei89,C,2006,0.331,0.314,0.35
Bei89,D,2006,0.184,0.179,0.191
Bei89,E,2006,0.266,0.25,0.283
Bei89,B*,2006,0.689,0.684,0.693
Bei89,non-epitope,2006,0.016,0.016,0.017
Bei89,OtherbutB*,2006,0.043,0.043,0.045
Bei89,OtherEpibutB*,2006,0.293,0.287,0.301
Bei89,A,2007,0.328,0.321,0.339
Bei89,B,2007,0.49,0.481,0.503
Bei89,C,2007,0.329,0.313,0.351
Bei89,D,2007,0.191,0.186,0.198
Bei89,E,2007,0.262,0.247,0.28
Bei89,B*,2007,0.688,0.684,0.691
Bei89,non-epitope,2007,0.016,0.016,0.017
Bei89,OtherbutB*,2007,0.043,0.043,0.044
Bei89,OtherEpibutB*,2007,0.291,0.286,0.298
Bei89,A,2008,0.341,0.334,0.351
Bei89,B,2008,0.452,0.443,0.465
Bei89,C,2008,0.306,0.291,0.33
Bei89,D,2008,0.203,0.198,0.207
Bei89,E,2008,0.227,0.213,0.243
Bei89,B*,2008,0.628,0.621,0.638
Bei89,non-epitope,2008,0.015,0.014,0.015
Bei89,OtherbutB*,2008,0.041,0.04,0.042
Bei89,OtherEpibutB*,2008,0.28,0.276,0.289
Bei89,A,2009,0.355,0.348,0.366
Bei89,B,2009,0.499,0.489,0.51
Bei89,C,2009,0.328,0.311,0.348
Bei89,D,2009,0.235,0.234,0.237
Bei89,E,2009,0.23,0.212,0.246
Bei89,B*,2009,0.69,0.687,0.692
Bei89,non-epitope,2009,0.017,0.017,0.018
Bei89,OtherbutB*,2009,0.045,0.045,0.046
Bei89,OtherEpibutB*,2009,0.301,0.296,0.309
Bei89,A,2010,0.345,0.337,0.354
Bei89,B,2010,0.498,0.489,0.509
Bei89,C,2010,0.349,0.333,0.369
Bei89,D,2010,0.23,0.23,0.232
Bei89,E,2010,0.261,0.246,0.277
Bei89,B*,2010,0.678,0.674,0.682
Bei89,non-epitope,2010,0.019,0.019,0.02
Bei89,OtherbutB*,2010,0.048,0.047,0.049
Bei89,OtherEpibutB*,2010,0.309,0.304,0.317
Bei89,A,2011,0.346,0.34,0.355
Bei89,B,2011,0.493,0.485,0.504
Bei89,C,2011,0.343,0.326,0.363
Bei89,D,2011,0.23,0.229,0.231
Bei89,E,2011,0.263,0.247,0.279
Bei89,B*,2011,0.674,0.67,0.677
Bei89,non-epitope,2011,0.021,0.02,0.021
Bei89,OtherbutB*,2011,0.049,0.049,0.05
Bei89,OtherEpibutB*,2011,0.308,0.303,0.316
Bei89,A,2012,0.34,0.337,0.346
Bei89,B,2012,0.486,0.477,0.498
Bei89,C,2012,0.322,0.306,0.341
Bei89,D,2012,0.224,0.223,0.226
Bei89,E,2012,0.257,0.242,0.273
Bei89,B*,2012,0.655,0.651,0.658
Bei89,non-epitope,2012,0.021,0.021,0.022
Bei89,OtherbutB*,2012,0.049,0.048,0.05
Bei89,OtherEpibutB*,2012,0.301,0.296,0.308
Bei89,A,2013,0.35,0.347,0.355
Bei89,B,2013,0.488,0.479,0.499
Bei89,C,2013,0.326,0.309,0.346
Bei89,D,2013,0.228,0.227,0.229
Bei89,E,2013,0.261,0.245,0.277
Bei89,B*,2013,0.678,0.675,0.681
Bei89,non-epitope,2013,0.025,0.025,0.026
Bei89,OtherbutB*,2013,0.052,0.052,0.053
Bei89,OtherEpibutB*,2013,0.303,0.298,0.311
Bei89,A,2014,0.36,0.358,0.366
Bei89,B,2014,0.469,0.461,0.479
Bei89,C,2014,0.327,0.31,0.346
Bei89,D,2014,0.227,0.226,0.228
Bei89,E,2014,0.25,0.234,0.267
Bei89,B*,2014,0.619,0.617,0.624
Bei89,non-epitope,2014,0.027,0.027,0.028
Bei89,OtherbutB*,2014,0.054,0.054,0.056
Bei89,OtherEpibutB*,2014,0.304,0.298,0.312
Bei89,A,2015,0.38,0.377,0.386
Bei89,B,2015,0.468,0.459,0.479
Bei89,C,2015,0.329,0.312,0.347
Bei89,D,2015,0.227,0.226,0.228
Bei89,E,2015,0.254,0.238,0.27
Bei89,B*,2015,0.583,0.581,0.589
Bei89,non-epitope,2015,0.029,0.028,0.029
Bei89,OtherbutB*,2015,0.057,0.056,0.058
Bei89,OtherEpibutB*,2015,0.313,0.307,0.321
Bei89,A,2016,0.379,0.376,0.385
Bei89,B,2016,0.486,0.477,0.498
Bei89,C,2016,0.328,0.311,0.346
Bei89,D,2016,0.23,0.23,0.231
Bei89,E,2016,0.263,0.247,0.279
Bei89,B*,2016,0.58,0.577,0.585
Bei89,non-epitope,2016,0.03,0.029,0.03
Bei89,OtherbutB*,2016,0.058,0.058,0.06
Bei89,OtherEpibutB*,2016,0.321,0.315,0.329
Bei89,A,2017,0.387,0.384,0.392
Bei89,B,2017,0.489,0.481,0.5
Bei89,C,2017,0.331,0.314,0.35
Bei89,D,2017,0.23,0.23,0.231
Bei89,E,2017,0.268,0.252,0.285
Bei89,B*,2017,0.574,0.572,0.579
Bei89,non-epitope,2017,0.031,0.031,0.032
Bei89,OtherbutB*,2017,0.06,0.059,0.061
Bei89,OtherEpibutB*,2017,0.326,0.32,0.334
Bei89,A,2018,0.391,0.389,0.394
Bei89,B,2018,0.492,0.483,0.504
Bei89,C,2018,0.329,0.312,0.348
Bei89,D,2018,0.23,0.229,0.23
Bei89,E,2018,0.269,0.253,0.286
Bei89,B*,2018,0.576,0.574,0.582
Bei89,non-epitope,2018,0.03,0.03,0.031
Bei89,OtherbutB*,2018,0.06,0.059,0.061
Bei89,OtherEpibutB*,2018,0.327,0.322,0.335
Mos99,A,1968,0.611,0.603,0.621
Mos99,B,1968,0.458,0.45,0.464
Mos99,C,1968,0.656,0.642,0.678
Mos99,D,1968,0.46,0.455,0.468
Mos99,E,1968,0.428,0.422,0.435
Mos99,B*,1968,0.517,0.496,0.532
Mos99,non-epitope,1968,0.021,0.02,0.021
Mos99,OtherbutB*,1968,0.068,0.068,0.069
Mos99,OtherEpibutB*,1968,0.507,0.505,0.512
Mos99,A,1969,0.611,0.603,0.62
Mos99,B,1969,0.458,0.45,0.464
Mos99,C,1969,0.656,0.642,0.678
Mos99,D,1969,0.451,0.445,0.465
Mos99,E,1969,0.418,0.4,0.446
Mos99,B*,1969,0.517,0.496,0.532
Mos99,non-epitope,1969,0.019,0.018,0.021
Mos99,OtherbutB*,1969,0.067,0.066,0.068
Mos99,OtherEpibutB*,1969,0.503,0.498,0.513
Mos99,A,1970,0.611,0.603,0.62
Mos99,B,1970,0.458,0.45,0.464
Mos99,C,1970,0.656,0.642,0.678
Mos99,D,1970,0.46,0.454,0.468
Mos99,E,1970,0.438,0.435,0.442
Mos99,B*,1970,0.517,0.496,0.532
Mos99,non-epitope,1970,0.019,0.019,0.02
Mos99,OtherbutB*,1970,0.068,0.067,0.068
Mos99,OtherEpibutB*,1970,0.51,0.506,0.513
Mos99,A,1971,0.6,0.589,0.618
Mos99,B,1971,0.433,0.418,0.454
Mos99,C,1971,0.634,0.615,0.674
Mos99,D,1971,0.434,0.416,0.462
Mos99,E,1971,0.393,0.384,0.404
Mos99,B*,1971,0.502,0.478,0.519
Mos99,non-epitope,1971,0.019,0.018,0.02
Mos99,OtherbutB*,1971,0.064,0.063,0.066
Mos99,OtherEpibutB*,1971,0.482,0.475,0.493
Mos99,A,1972,0.568,0.553,0.589
Mos99,B,1972,0.425,0.415,0.433
Mos99,C,1972,0.593,0.586,0.603
Mos99,D,1972,0.357,0.353,0.365
Mos99,E,1972,0.389,0.384,0.397
Mos99,B*,1972,0.525,0.503,0.542
Mos99,non-epitope,1972,0.017,0.016,0.018
Mos99,OtherbutB*,1972,0.059,0.058,0.06
Mos99,OtherEpibutB*,1972,0.447,0.443,0.452
Mos99,A,1973,0.555,0.547,0.564
Mos99,B,1973,0.422,0.411,0.431
Mos99,C,1973,0.599,0.59,0.608
Mos99,D,1973,0.353,0.35,0.356
Mos99,E,1973,0.359,0.344,0.385
Mos99,B*,1973,0.535,0.506,0.561
Mos99,non-epitope,1973,0.015,0.015,0.016
Mos99,OtherbutB*,1973,0.056,0.056,0.057
Mos99,OtherEpibutB*,1973,0.434,0.43,0.44
Mos99,A,1974,0.501,0.493,0.515
Mos99,B,1974,0.433,0.415,0.456
Mos99,C,1974,0.599,0.59,0.608
Mos99,D,1974,0.324,0.304,0.354
Mos99,E,1974,0.34,0.331,0.351
Mos99,B*,1974,0.567,0.516,0.63
Mos99,non-epitope,1974,0.015,0.014,0.015
Mos99,OtherbutB*,1974,0.054,0.053,0.055
Mos99,OtherEpibutB*,1974,0.412,0.406,0.42
Mos99,A,1975,0.5,0.482,0.535
Mos99,B,1975,0.414,0.394,0.441
Mos99,C,1975,0.572,0.539,0.606
Mos99,D,1975,0.32,0.297,0.368
Mos99,E,1975,0.346,0.333,0.364
Mos99,B*,1975,0.487,0.442,0.56
Mos99,non-epitope,1975,0.014,0.014,0.015
Mos99,OtherbutB*,1975,0.053,0.053,0.055
Mos99,OtherEpibutB*,1975,0.411,0.403,0.43
Mos99,A,1976,0.444,0.432,0.466
Mos99,B,1976,0.455,0.439,0.473
Mos99,C,1976,0.475,0.446,0.515
Mos99,D,1976,0.388,0.359,0.418
Mos99,E,1976,0.298,0.283,0.321
Mos99,B*,1976,0.564,0.515,0.597
Mos99,non-epitope,1976,0.012,0.012,0.013
Mos99,OtherbutB*,1976,0.05,0.049,0.051
Mos99,OtherEpibutB*,1976,0.392,0.386,0.406
Mos99,A,1977,0.405,0.384,0.438
Mos99,B,1977,0.453,0.439,0.472
Mos99,C,1977,0.41,0.381,0.449
Mos99,D,1977,0.36,0.333,0.399
Mos99,E,1977,0.297,0.278,0.315
Mos99,B*,1977,0.582,0.552,0.626
Mos99,non-epitope,1977,0.013,0.012,0.014
Mos99,OtherbutB*,1977,0.048,0.047,0.05
Mos99,OtherEpibutB*,1977,0.365,0.356,0.381
Mos99,A,1978,0.388,0.381,0.404
Mos99,B,1978,0.432,0.416,0.452
Mos99,C,1978,0.395,0.369,0.444
Mos99,D,1978,0.379,0.362,0.412
Mos99,E,1978,0.265,0.257,0.274
Mos99,B*,1978,0.603,0.577,0.624
Mos99,non-epitope,1978,0.012,0.011,0.013
Mos99,OtherbutB*,1978,0.045,0.044,0.047
Mos99,OtherEpibutB*,1978,0.347,0.339,0.361
Mos99,A,1979,0.341,0.325,0.391
Mos99,B,1979,0.458,0.451,0.465
Mos99,C,1979,0.355,0.35,0.36
Mos99,D,1979,0.317,0.291,0.349
Mos99,E,1979,0.265,0.257,0.274
Mos99,B*,1979,0.632,0.616,0.651
Mos99,non-epitope,1979,0.01,0.009,0.011
Mos99,OtherbutB*,1979,0.04,0.04,0.042
Mos99,OtherEpibutB*,1979,0.322,0.315,0.339
Mos99,A,1980,0.338,0.312,0.376
Mos99,B,1980,0.431,0.417,0.454
Mos99,C,1980,0.355,0.35,0.36
Mos99,D,1980,0.348,0.347,0.35
Mos99,E,1980,0.279,0.267,0.3
Mos99,B*,1980,0.617,0.601,0.639
Mos99,non-epitope,1980,0.01,0.01,0.011
Mos99,OtherbutB*,1980,0.041,0.041,0.042
Mos99,OtherEpibutB*,1980,0.325,0.319,0.336
Mos99,A,1981,0.349,0.34,0.358
Mos99,B,1981,0.458,0.451,0.465
Mos99,C,1981,0.355,0.35,0.36
Mos99,D,1981,0.348,0.347,0.35
Mos99,E,1981,0.318,0.31,0.327
Mos99,B*,1981,0.632,0.616,0.651
Mos99,non-epitope,1981,0.009,0.008,0.011
Mos99,OtherbutB*,1981,0.042,0.041,0.043
Mos99,OtherEpibutB*,1981,0.343,0.341,0.346
Mos99,A,1982,0.342,0.315,0.366
Mos99,B,1982,0.43,0.412,0.455
Mos99,C,1982,0.294,0.277,0.324
Mos99,D,1982,0.205,0.184,0.235
Mos99,E,1982,0.275,0.265,0.288
Mos99,B*,1982,0.616,0.598,0.639
Mos99,non-epitope,1982,0.009,0.009,0.01
Mos99,OtherbutB*,1982,0.036,0.035,0.038
Mos99,OtherEpibutB*,1982,0.285,0.278,0.298
Mos99,A,1983,0.356,0.336,0.386
Mos99,B,1983,0.441,0.424,0.466
Mos99,C,1983,0.285,0.267,0.308
Mos99,D,1983,0.196,0.183,0.219
Mos99,E,1983,0.27,0.26,0.285
Mos99,B*,1983,0.616,0.592,0.65
Mos99,non-epitope,1983,0.007,0.005,0.008
Mos99,OtherbutB*,1983,0.034,0.033,0.036
Mos99,OtherEpibutB*,1983,0.287,0.278,0.301
Mos99,A,1984,0.373,0.362,0.388
Mos99,B,1984,0.466,0.451,0.502
Mos99,C,1984,0.268,0.263,0.273
Mos99,D,1984,0.233,0.231,0.234
Mos99,E,1984,0.265,0.257,0.274
Mos99,B*,1984,0.632,0.616,0.651
Mos99,non-epitope,1984,0.006,0.005,0.007
Mos99,OtherbutB*,1984,0.035,0.034,0.036
Mos99,OtherEpibutB*,1984,0.3,0.295,0.311
Mos99,A,1985,0.362,0.347,0.383
Mos99,B,1985,0.393,0.381,0.416
Mos99,C,1985,0.251,0.23,0.27
Mos99,D,1985,0.187,0.177,0.2
Mos99,E,1985,0.265,0.257,0.274
Mos99,B*,1985,0.55,0.522,0.598
Mos99,non-epitope,1985,0.006,0.005,0.006
Mos99,OtherbutB*,1985,0.032,0.031,0.033
Mos99,OtherEpibutB*,1985,0.273,0.266,0.281
Mos99,A,1986,0.348,0.328,0.374
Mos99,B,1986,0.4,0.383,0.426
Mos99,C,1986,0.268,0.263,0.273
Mos99,D,1986,0.175,0.174,0.177
Mos99,E,1986,0.265,0.257,0.274
Mos99,B*,1986,0.542,0.51,0.585
Mos99,non-epitope,1986,0.007,0.006,0.008
Mos99,OtherbutB*,1986,0.033,0.032,0.034
Mos99,OtherEpibutB*,1986,0.273,0.267,0.282
Mos99,A,1987,0.398,0.384,0.42
Mos99,B,1987,0.346,0.329,0.382
Mos99,C,1987,0.268,0.263,0.273
Mos99,D,1987,0.181,0.174,0.198
Mos99,E,1987,0.212,0.204,0.22
Mos99,B*,1987,0.506,0.482,0.547
Mos99,non-epitope,1987,0.006,0.005,0.006
Mos99,OtherbutB*,1987,0.031,0.03,0.032
Mos99,OtherEpibutB*,1987,0.261,0.255,0.271
Mos99,A,1988,0.35,0.327,0.374
Mos99,B,1988,0.321,0.314,0.331
Mos99,C,1988,0.25,0.231,0.271
Mos99,D,1988,0.183,0.177,0.194
Mos99,E,1988,0.196,0.178,0.223
Mos99,B*,1988,0.496,0.476,0.516
Mos99,non-epitope,1988,0.006,0.006,0.007
Mos99,OtherbutB*,1988,0.029,0.028,0.03
Mos99,OtherEpibutB*,1988,0.238,0.233,0.251
Mos99,A,1989,0.305,0.287,0.33
Mos99,B,1989,0.322,0.314,0.329
Mos99,C,1989,0.191,0.183,0.201
Mos99,D,1989,0.176,0.174,0.179
Mos99,E,1989,0.117,0.107,0.127
Mos99,B*,1989,0.497,0.479,0.52
Mos99,non-epitope,1989,0.005,0.005,0.006
Mos99,OtherbutB*,1989,0.024,0.024,0.025
Mos99,OtherEpibutB*,1989,0.2,0.195,0.206
Mos99,A,1990,0.314,0.3,0.341
Mos99,B,1990,0.297,0.277,0.32
Mos99,C,1990,0.187,0.179,0.202
Mos99,D,1990,0.168,0.163,0.176
Mos99,E,1990,0.092,0.078,0.115
Mos99,B*,1990,0.418,0.369,0.477
Mos99,non-epitope,1990,0.005,0.005,0.006
Mos99,OtherbutB*,1990,0.024,0.023,0.025
Mos99,OtherEpibutB*,1990,0.195,0.191,0.204
Mos99,A,1991,0.265,0.252,0.282
Mos99,B,1991,0.282,0.271,0.291
Mos99,C,1991,0.166,0.153,0.18
Mos99,D,1991,0.146,0.139,0.158
Mos99,E,1991,0.107,0.099,0.118
Mos99,B*,1991,0.386,0.36,0.408
Mos99,non-epitope,1991,0.005,0.004,0.005
Mos99,OtherbutB*,1991,0.022,0.021,0.022
Mos99,OtherEpibutB*,1991,0.179,0.175,0.185
Mos99,A,1992,0.253,0.24,0.27
Mos99,B,1992,0.232,0.221,0.247
Mos99,C,1992,0.168,0.162,0.176
Mos99,D,1992,0.133,0.124,0.143
Mos99,E,1992,0.11,0.101,0.119
Mos99,B*,1992,0.335,0.312,0.363
Mos99,non-epitope,1992,0.004,0.004,0.005
Mos99,OtherbutB*,1992,0.02,0.019,0.021
Mos99,OtherEpibutB*,1992,0.166,0.162,0.171
Mos99,A,1993,0.287,0.274,0.302
Mos99,B,1993,0.148,0.139,0.157
Mos99,C,1993,0.156,0.143,0.167
Mos99,D,1993,0.16,0.155,0.168
Mos99,E,1993,0.101,0.09,0.112
Mos99,B*,1993,0.262,0.239,0.281
Mos99,non-epitope,1993,0.004,0.004,0.004
Mos99,OtherbutB*,1993,0.019,0.019,0.02
Mos99,OtherEpibutB*,1993,0.158,0.154,0.164
Mos99,A,1994,0.304,0.292,0.321
Mos99,B,1994,0.129,0.117,0.14
Mos99,C,1994,0.154,0.139,0.166
Mos99,D,1994,0.173,0.169,0.18
Mos99,E,1994,0.103,0.096,0.113
Mos99,B*,1994,0.226,0.191,0.254
Mos99,non-epitope,1994,0.005,0.004,0.005
Mos99,OtherbutB*,1994,0.021,0.02,0.021
Mos99,OtherEpibutB*,1994,0.164,0.16,0.169
Mos99,A,1995,0.254,0.238,0.277
Mos99,B,1995,0.1,0.09,0.111
Mos99,C,1995,0.084,0.074,0.097
Mos99,D,1995,0.106,0.094,0.118
Mos99,E,1995,0.085,0.073,0.098
Mos99,B*,1995,0.242,0.217,0.263
Mos99,non-epitope,1995,0.004,0.003,0.004
Mos99,OtherbutB*,1995,0.015,0.014,0.015
Mos99,OtherEpibutB*,1995,0.114,0.108,0.121
Mos99,A,1996,0.081,0.07,0.1
Mos99,B,1996,0.065,0.054,0.075
Mos99,C,1996,0.055,0.042,0.067
Mos99,D,1996,0.022,0.016,0.032
Mos99,E,1996,0.035,0.028,0.045
Mos99,B*,1996,0.167,0.137,0.188
Mos99,non-epitope,1996,0.002,0.002,0.003
Mos99,OtherbutB*,1996,0.006,0.005,0.006
Mos99,OtherEpibutB*,1996,0.04,0.035,0.045
Mos99,A,1997,0.023,0.017,0.037
Mos99,B,1997,0.024,0.017,0.033
Mos99,C,1997,0.027,0.019,0.041
Mos99,D,1997,0.009,0.006,0.015
Mos99,E,1997,0.016,0.011,0.024
Mos99,B*,1997,0.05,0.032,0.068
Mos99,non-epitope,1997,0.002,0.002,0.002
Mos99,OtherbutB*,1997,0.003,0.003,0.004
Mos99,OtherEpibutB*,1997,0.016,0.014,0.021
Mos99,A,1998,0.,0.,0.006
Mos99,B,1998,0.,0.,0.002
Mos99,C,1998,0.,0.,0.004
Mos99,D,1998,0.,0.,0.004
Mos99,E,1998,0.,0.,0.004
Mos99,B*,1998,0.,0.,0.004
Mos99,non-epitope,1998,0.,0.,0.001
Mos99,OtherbutB*,1998,0.,0.,0.001
Mos99,OtherEpibutB*,1998,0.,0.,0.003
Mos99,A,1999,0.043,0.033,0.053
Mos99,B,1999,0.022,0.018,0.028
Mos99,C,1999,0.013,0.008,0.02
Mos99,D,1999,0.017,0.011,0.027
Mos99,E,1999,0.022,0.015,0.03
Mos99,B*,1999,0.019,0.013,0.03
Mos99,non-epitope,1999,0.002,0.002,0.003
Mos99,OtherbutB*,1999,0.004,0.004,0.005
Mos99,OtherEpibutB*,1999,0.025,0.021,0.029
Mos99,A,2000,0.046,0.038,0.056
Mos99,B,2000,0.037,0.032,0.043
Mos99,C,2000,0.036,0.029,0.044
Mos99,D,2000,0.047,0.039,0.058
Mos99,E,2000,0.045,0.036,0.054
Mos99,B*,2000,0.022,0.016,0.032
Mos99,non-epitope,2000,0.004,0.004,0.005
Mos99,OtherbutB*,2000,0.008,0.008,0.009
Mos99,OtherEpibutB*,2000,0.044,0.042,0.049
Mos99,A,2001,0.087,0.077,0.096
Mos99,B,2001,0.053,0.048,0.061
Mos99,C,2001,0.035,0.027,0.044
Mos99,D,2001,0.044,0.038,0.056
Mos99,E,2001,0.038,0.032,0.046
Mos99,B*,2001,0.022,0.016,0.031
Mos99,non-epitope,2001,0.005,0.004,0.005
Mos99,OtherbutB*,2001,0.01,0.009,0.01
Mos99,OtherEpibutB*,2001,0.056,0.052,0.061
Mos99,A,2002,0.093,0.085,0.102
Mos99,B,2002,0.084,0.079,0.089
Mos99,C,2002,0.02,0.016,0.026
Mos99,D,2002,0.047,0.039,0.058
Mos99,E,2002,0.049,0.042,0.056
Mos99,B*,2002,0.025,0.018,0.033
Mos99,non-epitope,2002,0.007,0.006,0.007
Mos99,OtherbutB*,2002,0.013,0.012,0.013
Mos99,OtherEpibutB*,2002,0.067,0.063,0.07
Mos99,A,2003,0.147,0.137,0.156
Mos99,B,2003,0.153,0.148,0.16
Mos99,C,2003,0.081,0.074,0.087
Mos99,D,2003,0.046,0.04,0.056
Mos99,E,2003,0.124,0.118,0.133
Mos99,B*,2003,0.111,0.104,0.119
Mos99,non-epitope,2003,0.01,0.01,0.01
Mos99,OtherbutB*,2003,0.02,0.02,0.021
Mos99,OtherEpibutB*,2003,0.115,0.112,0.119
Mos99,A,2004,0.166,0.154,0.175
Mos99,B,2004,0.209,0.205,0.215
Mos99,C,2004,0.096,0.09,0.102
Mos99,D,2004,0.063,0.054,0.074
Mos99,E,2004,0.144,0.138,0.152
Mos99,B*,2004,0.189,0.18,0.198
Mos99,non-epitope,2004,0.012,0.011,0.012
Mos99,OtherbutB*,2004,0.024,0.024,0.025
Mos99,OtherEpibutB*,2004,0.138,0.135,0.143
Mos99,A,2005,0.189,0.18,0.2
Mos99,B,2005,0.252,0.246,0.259
Mos99,C,2005,0.094,0.088,0.099
Mos99,D,2005,0.097,0.086,0.108
Mos99,E,2005,0.138,0.131,0.146
Mos99,B*,2005,0.257,0.25,0.267
Mos99,non-epitope,2005,0.013,0.013,0.014
Mos99,OtherbutB*,2005,0.027,0.027,0.028
Mos99,OtherEpibutB*,2005,0.154,0.15,0.159
Mos99,A,2006,0.196,0.187,0.206
Mos99,B,2006,0.285,0.279,0.292
Mos99,C,2006,0.096,0.092,0.1
Mos99,D,2006,0.101,0.091,0.11
Mos99,E,2006,0.146,0.14,0.153
Mos99,B*,2006,0.327,0.314,0.341
Mos99,non-epitope,2006,0.014,0.013,0.014
Mos99,OtherbutB*,2006,0.028,0.028,0.029
Mos99,OtherEpibutB*,2006,0.161,0.157,0.165
Mos99,A,2007,0.194,0.186,0.204
Mos99,B,2007,0.294,0.289,0.3
Mos99,C,2007,0.095,0.091,0.1
Mos99,D,2007,0.105,0.095,0.115
Mos99,E,2007,0.143,0.136,0.15
Mos99,B*,2007,0.355,0.348,0.362
Mos99,non-epitope,2007,0.016,0.016,0.017
Mos99,OtherbutB*,2007,0.03,0.03,0.031
Mos99,OtherEpibutB*,2007,0.159,0.156,0.164
Mos99,A,2008,0.204,0.195,0.214
Mos99,B,2008,0.277,0.272,0.283
Mos99,C,2008,0.11,0.105,0.116
Mos99,D,2008,0.135,0.126,0.147
Mos99,E,2008,0.14,0.133,0.148
Mos99,B*,2008,0.328,0.32,0.337
Mos99,non-epitope,2008,0.016,0.016,0.016
Mos99,OtherbutB*,2008,0.031,0.03,0.031
Mos99,OtherEpibutB*,2008,0.168,0.164,0.173
Mos99,A,2009,0.196,0.188,0.205
Mos99,B,2009,0.308,0.303,0.312
Mos99,C,2009,0.097,0.093,0.102
Mos99,D,2009,0.158,0.148,0.169
Mos99,E,2009,0.147,0.141,0.155
Mos99,B*,2009,0.4,0.396,0.407
Mos99,non-epitope,2009,0.018,0.017,0.018
Mos99,OtherbutB*,2009,0.033,0.033,0.033
Mos99,OtherEpibutB*,2009,0.172,0.169,0.176
Mos99,A,2010,0.188,0.178,0.197
Mos99,B,2010,0.326,0.322,0.331
Mos99,C,2010,0.116,0.112,0.121
Mos99,D,2010,0.145,0.136,0.156
Mos99,E,2010,0.155,0.147,0.163
Mos99,B*,2010,0.452,0.446,0.458
Mos99,non-epitope,2010,0.02,0.019,0.02
Mos99,OtherbutB*,2010,0.035,0.034,0.035
Mos99,OtherEpibutB*,2010,0.172,0.168,0.176
Mos99,A,2011,0.186,0.18,0.195
Mos99,B,2011,0.323,0.319,0.328
Mos99,C,2011,0.118,0.114,0.123
Mos99,D,2011,0.143,0.133,0.153
Mos99,E,2011,0.15,0.144,0.157
Mos99,B*,2011,0.452,0.449,0.458
Mos99,non-epitope,2011,0.021,0.021,0.021
Mos99,OtherbutB*,2011,0.035,0.035,0.036
Mos99,OtherEpibutB*,2011,0.169,0.166,0.174
Mos99,A,2012,0.178,0.169,0.187
Mos99,B,2012,0.322,0.318,0.326
Mos99,C,2012,0.123,0.12,0.128
Mos99,D,2012,0.131,0.122,0.14
Mos99,E,2012,0.135,0.129,0.142
Mos99,B*,2012,0.444,0.441,0.449
Mos99,non-epitope,2012,0.021,0.021,0.022
Mos99,OtherbutB*,2012,0.035,0.035,0.036
Mos99,OtherEpibutB*,2012,0.162,0.159,0.167
Mos99,A,2013,0.193,0.186,0.202
Mos99,B,2013,0.325,0.321,0.331
Mos99,C,2013,0.166,0.162,0.171
Mos99,D,2013,0.144,0.135,0.154
Mos99,E,2013,0.139,0.132,0.147
Mos99,B*,2013,0.445,0.442,0.452
Mos99,non-epitope,2013,0.025,0.025,0.026
Mos99,OtherbutB*,2013,0.04,0.04,0.041
Mos99,OtherEpibutB*,2013,0.177,0.173,0.181
Mos99,A,2014,0.209,0.201,0.218
Mos99,B,2014,0.314,0.31,0.319
Mos99,C,2014,0.178,0.173,0.183
Mos99,D,2014,0.148,0.137,0.158
Mos99,E,2014,0.14,0.133,0.148
Mos99,B*,2014,0.381,0.377,0.387
Mos99,non-epitope,2014,0.028,0.027,0.028
Mos99,OtherbutB*,2014,0.043,0.043,0.044
Mos99,OtherEpibutB*,2014,0.186,0.183,0.19
Mos99,A,2015,0.21,0.203,0.217
Mos99,B,2015,0.318,0.314,0.323
Mos99,C,2015,0.178,0.173,0.182
Mos99,D,2015,0.149,0.139,0.159
Mos99,E,2015,0.143,0.136,0.151
Mos99,B*,2015,0.346,0.342,0.352
Mos99,non-epitope,2015,0.029,0.029,0.029
Mos99,OtherbutB*,2015,0.045,0.045,0.045
Mos99,OtherEpibutB*,2015,0.193,0.19,0.196
Mos99,A,2016,0.211,0.205,0.22
Mos99,B,2016,0.319,0.315,0.325
Mos99,C,2016,0.182,0.178,0.187
Mos99,D,2016,0.161,0.151,0.171
Mos99,E,2016,0.144,0.137,0.151
Mos99,B*,2016,0.346,0.342,0.351
Mos99,non-epitope,2016,0.03,0.03,0.03
Mos99,OtherbutB*,2016,0.046,0.046,0.047
Mos99,OtherEpibutB*,2016,0.197,0.194,0.201
Mos99,A,2017,0.233,0.226,0.241
Mos99,B,2017,0.314,0.31,0.319
Mos99,C,2017,0.186,0.182,0.191
Mos99,D,2017,0.174,0.165,0.184
Mos99,E,2017,0.152,0.145,0.16
Mos99,B*,2017,0.331,0.327,0.336
Mos99,non-epitope,2017,0.031,0.031,0.032
Mos99,OtherbutB*,2017,0.048,0.048,0.049
Mos99,OtherEpibutB*,2017,0.207,0.205,0.211
Mos99,A,2018,0.256,0.247,0.266
Mos99,B,2018,0.311,0.307,0.316
Mos99,C,2018,0.185,0.18,0.189
Mos99,D,2018,0.166,0.156,0.176
Mos99,E,2018,0.159,0.152,0.166
Mos99,B*,2018,0.325,0.321,0.332
Mos99,non-epitope,2018,0.031,0.03,0.031
Mos99,OtherbutB*,2018,0.048,0.048,0.049
Mos99,OtherEpibutB*,2018,0.211,0.209,0.216
Bris07L194,A,1968,0.549,0.543,0.558
Bris07L194,B,1968,0.535,0.529,0.541
Bris07L194,C,1968,0.676,0.669,0.684
Bris07L194,D,1968,0.519,0.517,0.521
Bris07L194,E,1968,0.524,0.518,0.53
Bris07L194,B*,1968,0.666,0.654,0.675
Bris07L194,non-epitope,1968,0.031,0.03,0.031
Bris07L194,OtherbutB*,1968,0.081,0.08,0.081
Bris07L194,OtherEpibutB*,1968,0.538,0.536,0.541
Bris07L194,A,1969,0.555,0.55,0.561
Bris07L194,B,1969,0.535,0.529,0.541
Bris07L194,C,1969,0.676,0.669,0.684
Bris07L194,D,1969,0.518,0.516,0.52
Bris07L194,E,1969,0.515,0.497,0.545
Bris07L194,B*,1969,0.666,0.654,0.675
Bris07L194,non-epitope,1969,0.029,0.029,0.031
Bris07L194,OtherbutB*,1969,0.079,0.079,0.08
Bris07L194,OtherEpibutB*,1969,0.537,0.533,0.544
Bris07L194,A,1970,0.555,0.55,0.561
Bris07L194,B,1970,0.535,0.529,0.541
Bris07L194,C,1970,0.676,0.669,0.684
Bris07L194,D,1970,0.518,0.516,0.52
Bris07L194,E,1970,0.534,0.534,0.535
Bris07L194,B*,1970,0.666,0.654,0.675
Bris07L194,non-epitope,1970,0.029,0.029,0.03
Bris07L194,OtherbutB*,1970,0.08,0.079,0.08
Bris07L194,OtherEpibutB*,1970,0.542,0.539,0.544
Bris07L194,A,1971,0.532,0.516,0.554
Bris07L194,B,1971,0.516,0.502,0.538
Bris07L194,C,1971,0.653,0.632,0.681
Bris07L194,D,1971,0.492,0.473,0.519
Bris07L194,E,1971,0.488,0.481,0.498
Bris07L194,B*,1971,0.667,0.655,0.675
Bris07L194,non-epitope,1971,0.029,0.028,0.03
Bris07L194,OtherbutB*,1971,0.076,0.075,0.078
Bris07L194,OtherEpibutB*,1971,0.511,0.505,0.524
Bris07L194,A,1972,0.495,0.48,0.516
Bris07L194,B,1972,0.525,0.515,0.54
Bris07L194,C,1972,0.603,0.597,0.612
Bris07L194,D,1972,0.411,0.405,0.418
Bris07L194,E,1972,0.485,0.481,0.493
Bris07L194,B*,1972,0.668,0.654,0.675
Bris07L194,non-epitope,1972,0.027,0.026,0.028
Bris07L194,OtherbutB*,1972,0.071,0.071,0.072
Bris07L194,OtherEpibutB*,1972,0.48,0.475,0.487
Bris07L194,A,1973,0.466,0.45,0.49
Bris07L194,B,1973,0.537,0.532,0.544
Bris07L194,C,1973,0.603,0.598,0.607
Bris07L194,D,1973,0.402,0.401,0.405
Bris07L194,E,1973,0.455,0.442,0.481
Bris07L194,B*,1973,0.669,0.659,0.677
Bris07L194,non-epitope,1973,0.025,0.025,0.026
Bris07L194,OtherbutB*,1973,0.069,0.068,0.07
Bris07L194,OtherEpibutB*,1973,0.468,0.464,0.475
Bris07L194,A,1974,0.431,0.423,0.44
Bris07L194,B,1974,0.53,0.516,0.547
Bris07L194,C,1974,0.603,0.598,0.607
Bris07L194,D,1974,0.372,0.351,0.403
Bris07L194,E,1974,0.39,0.381,0.408
Bris07L194,B*,1974,0.648,0.611,0.693
Bris07L194,non-epitope,1974,0.025,0.024,0.025
Bris07L194,OtherbutB*,1974,0.065,0.065,0.066
Bris07L194,OtherEpibutB*,1974,0.438,0.434,0.447
Bris07L194,A,1975,0.406,0.381,0.455
Bris07L194,B,1975,0.517,0.502,0.537
Bris07L194,C,1975,0.576,0.543,0.606
Bris07L194,D,1975,0.368,0.346,0.414
Bris07L194,E,1975,0.403,0.391,0.426
Bris07L194,B*,1975,0.6,0.57,0.638
Bris07L194,non-epitope,1975,0.024,0.024,0.026
Bris07L194,OtherbutB*,1975,0.064,0.063,0.067
Bris07L194,OtherEpibutB*,1975,0.433,0.423,0.457
Bris07L194,A,1976,0.318,0.306,0.335
Bris07L194,B,1976,0.554,0.542,0.573
Bris07L194,C,1976,0.512,0.494,0.54
Bris07L194,D,1976,0.435,0.405,0.467
Bris07L194,E,1976,0.348,0.331,0.37
Bris07L194,B*,1976,0.656,0.63,0.687
Bris07L194,non-epitope,1976,0.022,0.022,0.023
Bris07L194,OtherbutB*,1976,0.06,0.06,0.062
Bris07L194,OtherEpibutB*,1976,0.411,0.406,0.425
Bris07L194,A,1977,0.313,0.292,0.34
Bris07L194,B,1977,0.544,0.533,0.561
Bris07L194,C,1977,0.47,0.453,0.504
Bris07L194,D,1977,0.412,0.386,0.452
Bris07L194,E,1977,0.351,0.337,0.367
Bris07L194,B*,1977,0.682,0.674,0.693
Bris07L194,non-epitope,1977,0.023,0.023,0.024
Bris07L194,OtherbutB*,1977,0.06,0.059,0.061
Bris07L194,OtherEpibutB*,1977,0.393,0.386,0.406
Bris07L194,A,1978,0.319,0.309,0.334
Bris07L194,B,1978,0.53,0.518,0.55
Bris07L194,C,1978,0.476,0.452,0.523
Bris07L194,D,1978,0.427,0.41,0.459
Bris07L194,E,1978,0.32,0.318,0.323
Bris07L194,B*,1978,0.693,0.693,0.693
Bris07L194,non-epitope,1978,0.022,0.021,0.023
Bris07L194,OtherbutB*,1978,0.058,0.057,0.06
Bris07L194,OtherEpibutB*,1978,0.386,0.38,0.4
Bris07L194,A,1979,0.34,0.311,0.377
Bris07L194,B,1979,0.545,0.54,0.55
Bris07L194,C,1979,0.436,0.434,0.437
Bris07L194,D,1979,0.314,0.288,0.346
Bris07L194,E,1979,0.32,0.318,0.323
Bris07L194,B*,1979,0.693,0.693,0.693
Bris07L194,non-epitope,1979,0.02,0.019,0.021
Bris07L194,OtherbutB*,1979,0.054,0.053,0.055
Bris07L194,OtherEpibutB*,1979,0.365,0.357,0.379
Bris07L194,A,1980,0.282,0.265,0.306
Bris07L194,B,1980,0.524,0.513,0.546
Bris07L194,C,1980,0.436,0.434,0.437
Bris07L194,D,1980,0.345,0.343,0.347
Bris07L194,E,1980,0.334,0.324,0.351
Bris07L194,B*,1980,0.693,0.693,0.693
Bris07L194,non-epitope,1980,0.021,0.02,0.021
Bris07L194,OtherbutB*,1980,0.053,0.053,0.055
Bris07L194,OtherEpibutB*,1980,0.356,0.35,0.365
Bris07L194,A,1981,0.257,0.252,0.264
Bris07L194,B,1981,0.545,0.54,0.55
Bris07L194,C,1981,0.436,0.434,0.437
Bris07L194,D,1981,0.345,0.343,0.347
Bris07L194,E,1981,0.373,0.371,0.376
Bris07L194,B*,1981,0.693,0.693,0.693
Bris07L194,non-epitope,1981,0.019,0.018,0.021
Bris07L194,OtherbutB*,1981,0.053,0.053,0.055
Bris07L194,OtherEpibutB*,1981,0.366,0.364,0.368
Bris07L194,A,1982,0.238,0.203,0.275
Bris07L194,B,1982,0.522,0.511,0.551
Bris07L194,C,1982,0.377,0.361,0.408
Bris07L194,D,1982,0.218,0.203,0.245
Bris07L194,E,1982,0.329,0.322,0.344
Bris07L194,B*,1982,0.693,0.693,0.693
Bris07L194,non-epitope,1982,0.019,0.019,0.02
Bris07L194,OtherbutB*,1982,0.048,0.047,0.05
Bris07L194,OtherEpibutB*,1982,0.309,0.301,0.322
Bris07L194,A,1983,0.299,0.281,0.328
Bris07L194,B,1983,0.53,0.513,0.548
Bris07L194,C,1983,0.366,0.349,0.389
Bris07L194,D,1983,0.206,0.192,0.221
Bris07L194,E,1983,0.325,0.319,0.339
Bris07L194,B*,1983,0.693,0.693,0.693
Bris07L194,non-epitope,1983,0.017,0.016,0.018
Bris07L194,OtherbutB*,1983,0.047,0.045,0.048
Bris07L194,OtherEpibutB*,1983,0.319,0.311,0.332
Bris07L194,A,1984,0.326,0.322,0.33
Bris07L194,B,1984,0.545,0.54,0.55
Bris07L194,C,1984,0.349,0.348,0.351
Bris07L194,D,1984,0.238,0.236,0.24
Bris07L194,E,1984,0.32,0.318,0.323
Bris07L194,B*,1984,0.693,0.693,0.693
Bris07L194,non-epitope,1984,0.016,0.015,0.017
Bris07L194,OtherbutB*,1984,0.047,0.046,0.048
Bris07L194,OtherEpibutB*,1984,0.332,0.331,0.334
Bris07L194,A,1985,0.314,0.3,0.327
Bris07L194,B,1985,0.509,0.502,0.519
Bris07L194,C,1985,0.332,0.313,0.351
Bris07L194,D,1985,0.19,0.181,0.202
Bris07L194,E,1985,0.32,0.318,0.323
Bris07L194,B*,1985,0.69,0.686,0.693
Bris07L194,non-epitope,1985,0.016,0.016,0.017
Bris07L194,OtherbutB*,1985,0.045,0.044,0.046
Bris07L194,OtherEpibutB*,1985,0.307,0.3,0.314
Bris07L194,A,1986,0.335,0.327,0.347
Bris07L194,B,1986,0.514,0.504,0.533
Bris07L194,C,1986,0.349,0.348,0.351
Bris07L194,D,1986,0.18,0.178,0.183
Bris07L194,E,1986,0.32,0.318,0.323
Bris07L194,B*,1986,0.689,0.684,0.693
Bris07L194,non-epitope,1986,0.017,0.017,0.018
Bris07L194,OtherbutB*,1986,0.046,0.046,0.048
Bris07L194,OtherEpibutB*,1986,0.313,0.309,0.319
Bris07L194,A,1987,0.326,0.322,0.33
Bris07L194,B,1987,0.5,0.498,0.506
Bris07L194,C,1987,0.349,0.348,0.351
Bris07L194,D,1987,0.186,0.178,0.205
Bris07L194,E,1987,0.268,0.265,0.271
Bris07L194,B*,1987,0.689,0.684,0.693
Bris07L194,non-epitope,1987,0.016,0.015,0.017
Bris07L194,OtherbutB*,1987,0.043,0.043,0.045
Bris07L194,OtherEpibutB*,1987,0.296,0.294,0.302
Bris07L194,A,1988,0.336,0.328,0.348
Bris07L194,B,1988,0.492,0.481,0.505
Bris07L194,C,1988,0.331,0.312,0.35
Bris07L194,D,1988,0.184,0.179,0.194
Bris07L194,E,1988,0.266,0.25,0.285
Bris07L194,B*,1988,0.689,0.684,0.693
Bris07L194,non-epitope,1988,0.016,0.016,0.017
Bris07L194,OtherbutB*,1988,0.043,0.043,0.045
Bris07L194,OtherEpibutB*,1988,0.293,0.288,0.302
Bris07L194,A,1989,0.362,0.345,0.387
Bris07L194,B,1989,0.501,0.498,0.506
Bris07L194,C,1989,0.27,0.264,0.278
Bris07L194,D,1989,0.18,0.178,0.183
Bris07L194,E,1989,0.258,0.247,0.277
Bris07L194,B*,1989,0.689,0.684,0.693
Bris07L194,non-epitope,1989,0.015,0.015,0.016
Bris07L194,OtherbutB*,1989,0.042,0.042,0.043
Bris07L194,OtherEpibutB*,1989,0.289,0.285,0.296
Bris07L194,A,1990,0.391,0.382,0.403
Bris07L194,B,1990,0.483,0.466,0.5
Bris07L194,C,1990,0.265,0.262,0.277
Bris07L194,D,1990,0.18,0.178,0.183
Bris07L194,E,1990,0.255,0.239,0.276
Bris07L194,B*,1990,0.64,0.594,0.682
Bris07L194,non-epitope,1990,0.015,0.014,0.016
Bris07L194,OtherbutB*,1990,0.042,0.042,0.043
Bris07L194,OtherEpibutB*,1990,0.294,0.29,0.301
Bris07L194,A,1991,0.412,0.403,0.429
Bris07L194,B,1991,0.485,0.476,0.494
Bris07L194,C,1991,0.249,0.236,0.263
Bris07L194,D,1991,0.182,0.179,0.185
Bris07L194,E,1991,0.269,0.266,0.273
Bris07L194,B*,1991,0.645,0.626,0.668
Bris07L194,non-epitope,1991,0.015,0.014,0.015
Bris07L194,OtherbutB*,1991,0.043,0.042,0.043
Bris07L194,OtherEpibutB*,1991,0.3,0.298,0.305
Bris07L194,A,1992,0.398,0.382,0.414
Bris07L194,B,1992,0.461,0.453,0.474
Bris07L194,C,1992,0.262,0.261,0.264
Bris07L194,D,1992,0.181,0.178,0.184
Bris07L194,E,1992,0.271,0.267,0.277
Bris07L194,B*,1992,0.609,0.592,0.638
Bris07L194,non-epitope,1992,0.015,0.014,0.015
Bris07L194,OtherbutB*,1992,0.042,0.042,0.043
Bris07L194,OtherEpibutB*,1992,0.296,0.292,0.301
Bris07L194,A,1993,0.382,0.374,0.389
Bris07L194,B,1993,0.419,0.412,0.426
Bris07L194,C,1993,0.26,0.254,0.267
Bris07L194,D,1993,0.182,0.18,0.184
Bris07L194,E,1993,0.261,0.255,0.267
Bris07L194,B*,1993,0.552,0.542,0.563
Bris07L194,non-epitope,1993,0.014,0.014,0.015
Bris07L194,OtherbutB*,1993,0.041,0.04,0.041
Bris07L194,OtherEpibutB*,1993,0.284,0.281,0.288
Bris07L194,A,1994,0.381,0.377,0.386
Bris07L194,B,1994,0.406,0.396,0.418
Bris07L194,C,1994,0.256,0.248,0.265
Bris07L194,D,1994,0.183,0.176,0.19
Bris07L194,E,1994,0.265,0.261,0.271
Bris07L194,B*,1994,0.523,0.506,0.545
Bris07L194,non-epitope,1994,0.015,0.015,0.016
Bris07L194,OtherbutB*,1994,0.042,0.041,0.042
Bris07L194,OtherEpibutB*,1994,0.284,0.281,0.287
Bris07L194,A,1995,0.377,0.367,0.393
Bris07L194,B,1995,0.372,0.365,0.381
Bris07L194,C,1995,0.197,0.19,0.206
Bris07L194,D,1995,0.141,0.136,0.147
Bris07L194,E,1995,0.246,0.238,0.258
Bris07L194,B*,1995,0.522,0.508,0.542
Bris07L194,non-epitope,1995,0.014,0.014,0.015
Bris07L194,OtherbutB*,1995,0.038,0.037,0.038
Bris07L194,OtherEpibutB*,1995,0.251,0.248,0.256
Bris07L194,A,1996,0.253,0.241,0.267
Bris07L194,B,1996,0.344,0.335,0.355
Bris07L194,C,1996,0.167,0.156,0.177
Bris07L194,D,1996,0.11,0.102,0.121
Bris07L194,E,1996,0.188,0.179,0.198
Bris07L194,B*,1996,0.481,0.463,0.5
Bris07L194,non-epitope,1996,0.013,0.013,0.014
Bris07L194,OtherbutB*,1996,0.031,0.031,0.032
Bris07L194,OtherEpibutB*,1996,0.196,0.191,0.201
Bris07L194,A,1997,0.23,0.218,0.243
Bris07L194,B,1997,0.308,0.3,0.318
Bris07L194,C,1997,0.134,0.124,0.15
Bris07L194,D,1997,0.105,0.093,0.117
Bris07L194,E,1997,0.159,0.15,0.17
Bris07L194,B*,1997,0.387,0.367,0.406
Bris07L194,non-epitope,1997,0.014,0.013,0.014
Bris07L194,OtherbutB*,1997,0.03,0.029,0.03
Bris07L194,OtherEpibutB*,1997,0.178,0.173,0.184
Bris07L194,A,1998,0.196,0.187,0.206
Bris07L194,B,1998,0.285,0.278,0.294
Bris07L194,C,1998,0.096,0.093,0.101
Bris07L194,D,1998,0.101,0.092,0.11
Bris07L194,E,1998,0.146,0.14,0.155
Bris07L194,B*,1998,0.327,0.314,0.34
Bris07L194,non-epitope,1998,0.014,0.013,0.014
Bris07L194,OtherbutB*,1998,0.028,0.028,0.029
Bris07L194,OtherEpibutB*,1998,0.161,0.157,0.165
Bris07L194,A,1999,0.146,0.14,0.152
Bris07L194,B,1999,0.258,0.251,0.264
Bris07L194,C,1999,0.09,0.088,0.093
Bris07L194,D,1999,0.072,0.067,0.077
Bris07L194,E,1999,0.118,0.116,0.121
Bris07L194,B*,1999,0.316,0.305,0.328
Bris07L194,non-epitope,1999,0.013,0.013,0.014
Bris07L194,OtherbutB*,1999,0.025,0.025,0.025
Bris07L194,OtherEpibutB*,1999,0.129,0.127,0.132
Bris07L194,A,2000,0.144,0.139,0.148
Bris07L194,B,2000,0.25,0.244,0.255
Bris07L194,C,2000,0.053,0.047,0.06
Bris07L194,D,2000,0.06,0.057,0.064
Bris07L194,E,2000,0.13,0.127,0.134
Bris07L194,B*,2000,0.312,0.302,0.323
Bris07L194,non-epitope,2000,0.015,0.015,0.015
Bris07L194,OtherbutB*,2000,0.025,0.025,0.026
Bris07L194,OtherEpibutB*,2000,0.122,0.12,0.124
Bris07L194,A,2001,0.129,0.126,0.133
Bris07L194,B,2001,0.22,0.214,0.226
Bris07L194,C,2001,0.045,0.037,0.056
Bris07L194,D,2001,0.06,0.054,0.066
Bris07L194,E,2001,0.1,0.093,0.108
Bris07L194,B*,2001,0.312,0.302,0.323
Bris07L194,non-epitope,2001,0.012,0.012,0.013
Bris07L194,OtherbutB*,2001,0.021,0.021,0.022
Bris07L194,OtherEpibutB*,2001,0.101,0.099,0.104
Bris07L194,A,2002,0.128,0.123,0.138
Bris07L194,B,2002,0.191,0.183,0.197
Bris07L194,C,2002,0.061,0.057,0.065
Bris07L194,D,2002,0.063,0.06,0.066
Bris07L194,E,2002,0.076,0.071,0.081
Bris07L194,B*,2002,0.295,0.281,0.308
Bris07L194,non-epitope,2002,0.013,0.012,0.013
Bris07L194,OtherbutB*,2002,0.02,0.02,0.021
Bris07L194,OtherEpibutB*,2002,0.092,0.09,0.094
Bris07L194,A,2003,0.081,0.077,0.085
Bris07L194,B,2003,0.103,0.099,0.108
Bris07L194,C,2003,0.014,0.011,0.018
Bris07L194,D,2003,0.048,0.045,0.051
Bris07L194,E,2003,0.008,0.007,0.01
Bris07L194,B*,2003,0.185,0.176,0.197
Bris07L194,non-epitope,2003,0.006,0.005,0.006
Bris07L194,OtherbutB*,2003,0.009,0.009,0.009
Bris07L194,OtherEpibutB*,2003,0.042,0.041,0.044
Bris07L194,A,2004,0.024,0.021,0.028
Bris07L194,B,2004,0.049,0.046,0.054
Bris07L194,C,2004,0.013,0.01,0.019
Bris07L194,D,2004,0.023,0.021,0.026
Bris07L194,E,2004,0.004,0.003,0.006
Bris07L194,B*,2004,0.104,0.095,0.112
Bris07L194,non-epitope,2004,0.004,0.004,0.004
Bris07L194,OtherbutB*,2004,0.005,0.005,0.005
Bris07L194,OtherEpibutB*,2004,0.016,0.015,0.018
Bris07L194,A,2005,0.015,0.013,0.019
Bris07L194,B,2005,0.021,0.019,0.025
Bris07L194,C,2005,0.016,0.012,0.021
Bris07L194,D,2005,0.005,0.004,0.007
Bris07L194,E,2005,0.003,0.003,0.006
Bris07L194,B*,2005,0.03,0.024,0.038
Bris07L194,non-epitope,2005,0.003,0.002,0.003
Bris07L194,OtherbutB*,2005,0.003,0.003,0.004
Bris07L194,OtherEpibutB*,2005,0.01,0.01,0.012
Bris07L194,A,2006,0.,0.,0.003
Bris07L194,B,2006,0.,0.,0.003
Bris07L194,C,2006,0.,0.,0.002
Bris07L194,D,2006,0.,0.,0.002
Bris07L194,E,2006,0.,0.,0.002
Bris07L194,B*,2006,0.,0.,0.004
Bris07L194,non-epitope,2006,0.,0.,0.001
Bris07L194,OtherbutB*,2006,0.,0.,0.001
Bris07L194,OtherEpibutB*,2006,0.,0.,0.002
Bris07L194,A,2007,0.003,0.002,0.004
Bris07L194,B,2007,0.005,0.004,0.007
Bris07L194,C,2007,0.013,0.009,0.016
Bris07L194,D,2007,0.003,0.003,0.006
Bris07L194,E,2007,0.004,0.003,0.006
Bris07L194,B*,2007,0.007,0.005,0.012
Bris07L194,non-epitope,2007,0.003,0.003,0.003
Bris07L194,OtherbutB*,2007,0.003,0.003,0.003
Bris07L194,OtherEpibutB*,2007,0.005,0.004,0.006
Bris07L194,A,2008,0.025,0.023,0.028
Bris07L194,B,2008,0.022,0.02,0.026
Bris07L194,C,2008,0.061,0.055,0.067
Bris07L194,D,2008,0.049,0.046,0.054
Bris07L194,E,2008,0.03,0.027,0.033
Bris07L194,B*,2008,0.03,0.027,0.036
Bris07L194,non-epitope,2008,0.005,0.005,0.006
Bris07L194,OtherbutB*,2008,0.008,0.008,0.009
Bris07L194,OtherEpibutB*,2008,0.035,0.034,0.037
Bris07L194,A,2009,0.024,0.021,0.027
Bris07L194,B,2009,0.037,0.035,0.041
Bris07L194,C,2009,0.04,0.035,0.046
Bris07L194,D,2009,0.063,0.06,0.066
Bris07L194,E,2009,0.017,0.016,0.02
Bris07L194,B*,2009,0.05,0.044,0.059
Bris07L194,non-epitope,2009,0.006,0.006,0.006
Bris07L194,OtherbutB*,2009,0.008,0.008,0.009
Bris07L194,OtherEpibutB*,2009,0.034,0.033,0.036
Bris07L194,A,2010,0.011,0.009,0.014
Bris07L194,B,2010,0.087,0.084,0.091
Bris07L194,C,2010,0.06,0.052,0.068
Bris07L194,D,2010,0.056,0.053,0.059
Bris07L194,E,2010,0.023,0.02,0.027
Bris07L194,B*,2010,0.112,0.106,0.122
Bris07L194,non-epitope,2010,0.008,0.008,0.008
Bris07L194,OtherbutB*,2010,0.011,0.011,0.012
Bris07L194,OtherEpibutB*,2010,0.042,0.04,0.044
Bris07L194,A,2011,0.014,0.013,0.017
Bris07L194,B,2011,0.089,0.087,0.095
Bris07L194,C,2011,0.059,0.051,0.066
Bris07L194,D,2011,0.056,0.052,0.059
Bris07L194,E,2011,0.019,0.017,0.022
Bris07L194,B*,2011,0.114,0.108,0.122
Bris07L194,non-epitope,2011,0.009,0.009,0.009
Bris07L194,OtherbutB*,2011,0.012,0.012,0.013
Bris07L194,OtherEpibutB*,2011,0.042,0.04,0.044
Bris07L194,A,2012,0.025,0.023,0.028
Bris07L194,B,2012,0.091,0.088,0.097
Bris07L194,C,2012,0.069,0.061,0.077
Bris07L194,D,2012,0.053,0.05,0.056
Bris07L194,E,2012,0.01,0.009,0.013
Bris07L194,B*,2012,0.117,0.111,0.126
Bris07L194,non-epitope,2012,0.01,0.01,0.01
Bris07L194,OtherbutB*,2012,0.013,0.013,0.014
Bris07L194,OtherEpibutB*,2012,0.043,0.042,0.045
Bris07L194,A,2013,0.053,0.05,0.057
Bris07L194,B,2013,0.084,0.081,0.089
Bris07L194,C,2013,0.103,0.095,0.11
Bris07L194,D,2013,0.055,0.053,0.058
Bris07L194,E,2013,0.004,0.004,0.006
Bris07L194,B*,2013,0.108,0.102,0.116
Bris07L194,non-epitope,2013,0.013,0.013,0.013
Bris07L194,OtherbutB*,2013,0.017,0.017,0.017
Bris07L194,OtherEpibutB*,2013,0.052,0.051,0.055
Bris07L194,A,2014,0.074,0.07,0.079
Bris07L194,B,2014,0.104,0.1,0.109
Bris07L194,C,2014,0.11,0.103,0.118
Bris07L194,D,2014,0.055,0.052,0.057
Bris07L194,E,2014,0.007,0.006,0.009
Bris07L194,B*,2014,0.143,0.136,0.153
Bris07L194,non-epitope,2014,0.015,0.015,0.016
Bris07L194,OtherbutB*,2014,0.02,0.019,0.02
Bris07L194,OtherEpibutB*,2014,0.06,0.059,0.063
Bris07L194,A,2015,0.091,0.087,0.095
Bris07L194,B,2015,0.135,0.131,0.141
Bris07L194,C,2015,0.111,0.103,0.118
Bris07L194,D,2015,0.055,0.052,0.057
Bris07L194,E,2015,0.005,0.005,0.008
Bris07L194,B*,2015,0.182,0.174,0.192
Bris07L194,non-epitope,2015,0.017,0.017,0.017
Bris07L194,OtherbutB*,2015,0.022,0.022,0.022
Bris07L194,OtherEpibutB*,2015,0.069,0.067,0.071
Bris07L194,A,2016,0.101,0.097,0.106
Bris07L194,B,2016,0.154,0.151,0.161
Bris07L194,C,2016,0.117,0.109,0.124
Bris07L194,D,2016,0.068,0.065,0.071
Bris07L194,E,2016,0.005,0.005,0.008
Bris07L194,B*,2016,0.214,0.205,0.224
Bris07L194,non-epitope,2016,0.019,0.018,0.019
Bris07L194,OtherbutB*,2016,0.024,0.024,0.025
Bris07L194,OtherEpibutB*,2016,0.077,0.075,0.079
Bris07L194,A,2017,0.134,0.13,0.14
Bris07L194,B,2017,0.161,0.157,0.167
Bris07L194,C,2017,0.119,0.111,0.126
Bris07L194,D,2017,0.081,0.078,0.083
Bris07L194,E,2017,0.014,0.013,0.017
Bris07L194,B*,2017,0.215,0.206,0.225
Bris07L194,non-epitope,2017,0.02,0.019,0.02
Bris07L194,OtherbutB*,2017,0.027,0.026,0.027
Bris07L194,OtherEpibutB*,2017,0.091,0.09,0.093
Bris07L194,A,2018,0.17,0.165,0.177
Bris07L194,B,2018,0.157,0.153,0.162
Bris07L194,C,2018,0.119,0.111,0.126
Bris07L194,D,2018,0.072,0.068,0.075
Bris07L194,E,2018,0.026,0.024,0.029
Bris07L194,B*,2018,0.218,0.209,0.227
Bris07L194,non-epitope,2018,0.019,0.019,0.019
Bris07L194,OtherbutB*,2018,0.027,0.027,0.027
Bris07L194,OtherEpibutB*,2018,0.098,0.096,0.101
NDako16,A,1968,0.494,0.49,0.499
NDako16,B,1968,0.509,0.508,0.51
NDako16,C,1968,0.679,0.678,0.681
NDako16,D,1968,0.519,0.518,0.52
NDako16,E,1968,0.518,0.513,0.524
NDako16,B*,1968,0.658,0.656,0.66
NDako16,non-epitope,1968,0.043,0.042,0.043
NDako16,OtherbutB*,1968,0.089,0.089,0.09
NDako16,OtherEpibutB*,1968,0.519,0.516,0.52
NDako16,A,1969,0.497,0.496,0.498
NDako16,B,1969,0.509,0.508,0.51
NDako16,C,1969,0.679,0.678,0.681
NDako16,D,1969,0.518,0.517,0.519
NDako16,E,1969,0.51,0.492,0.54
NDako16,B*,1969,0.658,0.656,0.66
NDako16,non-epitope,1969,0.042,0.041,0.043
NDako16,OtherbutB*,1969,0.088,0.087,0.09
NDako16,OtherEpibutB*,1969,0.517,0.513,0.525
NDako16,A,1970,0.497,0.496,0.498
NDako16,B,1970,0.509,0.508,0.51
NDako16,C,1970,0.679,0.678,0.681
NDako16,D,1970,0.518,0.518,0.519
NDako16,E,1970,0.53,0.529,0.53
NDako16,B*,1970,0.658,0.656,0.66
NDako16,non-epitope,1970,0.042,0.041,0.042
NDako16,OtherbutB*,1970,0.089,0.089,0.09
NDako16,OtherEpibutB*,1970,0.522,0.521,0.522
NDako16,A,1971,0.484,0.467,0.506
NDako16,B,1971,0.49,0.479,0.51
NDako16,C,1971,0.655,0.634,0.68
NDako16,D,1971,0.493,0.474,0.518
NDako16,E,1971,0.484,0.477,0.494
NDako16,B*,1971,0.66,0.657,0.664
NDako16,non-epitope,1971,0.041,0.04,0.042
NDako16,OtherbutB*,1971,0.085,0.085,0.087
NDako16,OtherEpibutB*,1971,0.493,0.487,0.504
NDako16,A,1972,0.455,0.439,0.476
NDako16,B,1972,0.498,0.488,0.511
NDako16,C,1972,0.599,0.593,0.607
NDako16,D,1972,0.412,0.407,0.418
NDako16,E,1972,0.481,0.477,0.488
NDako16,B*,1972,0.659,0.657,0.661
NDako16,non-epitope,1972,0.039,0.038,0.039
NDako16,OtherbutB*,1972,0.08,0.08,0.081
NDako16,OtherEpibutB*,1972,0.463,0.458,0.47
NDako16,A,1973,0.443,0.441,0.453
NDako16,B,1973,0.513,0.509,0.519
NDako16,C,1973,0.593,0.592,0.595
NDako16,D,1973,0.404,0.404,0.404
NDako16,E,1973,0.451,0.437,0.476
NDako16,B*,1973,0.658,0.656,0.66
NDako16,non-epitope,1973,0.037,0.037,0.038
NDako16,OtherbutB*,1973,0.078,0.078,0.079
NDako16,OtherEpibutB*,1973,0.455,0.452,0.461
NDako16,A,1974,0.4,0.388,0.415
NDako16,B,1974,0.498,0.485,0.513
NDako16,C,1974,0.593,0.591,0.594
NDako16,D,1974,0.375,0.355,0.404
NDako16,E,1974,0.386,0.377,0.404
NDako16,B*,1974,0.629,0.592,0.668
NDako16,non-epitope,1974,0.037,0.036,0.038
NDako16,OtherbutB*,1974,0.075,0.074,0.076
NDako16,OtherEpibutB*,1974,0.423,0.417,0.431
NDako16,A,1975,0.392,0.367,0.433
NDako16,B,1975,0.469,0.448,0.498
NDako16,C,1975,0.567,0.536,0.594
NDako16,D,1975,0.37,0.348,0.416
NDako16,E,1975,0.399,0.386,0.422
NDako16,B*,1975,0.59,0.562,0.63
NDako16,non-epitope,1975,0.036,0.036,0.038
NDako16,OtherbutB*,1975,0.074,0.073,0.076
NDako16,OtherEpibutB*,1975,0.415,0.404,0.44
NDako16,A,1976,0.379,0.368,0.394
NDako16,B,1976,0.482,0.471,0.5
NDako16,C,1976,0.504,0.487,0.53
NDako16,D,1976,0.438,0.409,0.468
NDako16,E,1976,0.339,0.322,0.364
NDako16,B*,1976,0.636,0.612,0.665
NDako16,non-epitope,1976,0.034,0.034,0.035
NDako16,OtherbutB*,1976,0.071,0.07,0.072
NDako16,OtherEpibutB*,1976,0.403,0.397,0.416
NDako16,A,1977,0.358,0.336,0.386
NDako16,B,1977,0.472,0.461,0.489
NDako16,C,1977,0.469,0.45,0.5
NDako16,D,1977,0.414,0.386,0.454
NDako16,E,1977,0.34,0.327,0.357
NDako16,B*,1977,0.662,0.659,0.667
NDako16,non-epitope,1977,0.035,0.035,0.036
NDako16,OtherbutB*,1977,0.069,0.069,0.071
NDako16,OtherEpibutB*,1977,0.382,0.375,0.394
NDako16,A,1978,0.382,0.377,0.396
NDako16,B,1978,0.463,0.462,0.47
NDako16,C,1978,0.472,0.449,0.519
NDako16,D,1978,0.429,0.413,0.46
NDako16,E,1978,0.308,0.307,0.309
NDako16,B*,1978,0.666,0.664,0.668
NDako16,non-epitope,1978,0.034,0.033,0.036
NDako16,OtherbutB*,1978,0.068,0.068,0.07
NDako16,OtherEpibutB*,1978,0.381,0.376,0.392
NDako16,A,1979,0.379,0.377,0.384
NDako16,B,1979,0.509,0.507,0.51
NDako16,C,1979,0.433,0.433,0.434
NDako16,D,1979,0.314,0.288,0.346
NDako16,E,1979,0.308,0.307,0.309
NDako16,B*,1979,0.666,0.664,0.668
NDako16,non-epitope,1979,0.033,0.032,0.033
NDako16,OtherbutB*,1979,0.065,0.064,0.066
NDako16,OtherEpibutB*,1979,0.362,0.357,0.37
NDako16,A,1980,0.342,0.327,0.364
NDako16,B,1980,0.487,0.477,0.507
NDako16,C,1980,0.433,0.433,0.434
NDako16,D,1980,0.345,0.344,0.346
NDako16,E,1980,0.321,0.311,0.339
NDako16,B*,1980,0.665,0.664,0.668
NDako16,non-epitope,1980,0.033,0.033,0.034
NDako16,OtherbutB*,1980,0.065,0.064,0.066
NDako16,OtherEpibutB*,1980,0.358,0.353,0.367
NDako16,A,1981,0.321,0.32,0.322
NDako16,B,1981,0.509,0.507,0.51
NDako16,C,1981,0.433,0.433,0.434
NDako16,D,1981,0.346,0.345,0.346
NDako16,E,1981,0.361,0.36,0.362
NDako16,B*,1981,0.666,0.664,0.668
NDako16,non-epitope,1981,0.032,0.031,0.033
NDako16,OtherbutB*,1981,0.065,0.064,0.066
NDako16,OtherEpibutB*,1981,0.369,0.368,0.369
NDako16,A,1982,0.308,0.273,0.343
NDako16,B,1982,0.478,0.464,0.503
NDako16,C,1982,0.373,0.358,0.404
NDako16,D,1982,0.253,0.239,0.271
NDako16,E,1982,0.313,0.307,0.326
NDako16,B*,1982,0.666,0.664,0.668
NDako16,non-epitope,1982,0.032,0.031,0.033
NDako16,OtherbutB*,1982,0.06,0.059,0.061
NDako16,OtherEpibutB*,1982,0.317,0.311,0.33
NDako16,A,1983,0.357,0.338,0.378
NDako16,B,1983,0.493,0.477,0.509
NDako16,C,1983,0.363,0.347,0.387
NDako16,D,1983,0.245,0.232,0.264
NDako16,E,1983,0.311,0.306,0.325
NDako16,B*,1983,0.666,0.664,0.668
NDako16,non-epitope,1983,0.029,0.028,0.03
NDako16,OtherbutB*,1983,0.059,0.057,0.06
NDako16,OtherEpibutB*,1983,0.328,0.32,0.341
NDako16,A,1984,0.378,0.376,0.378
NDako16,B,1984,0.508,0.507,0.51
NDako16,C,1984,0.347,0.346,0.348
NDako16,D,1984,0.285,0.284,0.286
NDako16,E,1984,0.308,0.307,0.309
NDako16,B*,1984,0.666,0.664,0.668
NDako16,non-epitope,1984,0.028,0.028,0.029
NDako16,OtherbutB*,1984,0.059,0.059,0.06
NDako16,OtherEpibutB*,1984,0.343,0.342,0.343
NDako16,A,1985,0.366,0.353,0.378
NDako16,B,1985,0.455,0.446,0.472
NDako16,C,1985,0.344,0.342,0.348
NDako16,D,1985,0.237,0.229,0.25
NDako16,E,1985,0.308,0.307,0.309
NDako16,B*,1985,0.614,0.592,0.646
NDako16,non-epitope,1985,0.029,0.028,0.029
NDako16,OtherbutB*,1985,0.057,0.057,0.058
NDako16,OtherEpibutB*,1985,0.32,0.316,0.325
NDako16,A,1986,0.379,0.376,0.382
NDako16,B,1986,0.45,0.441,0.469
NDako16,C,1986,0.347,0.346,0.348
NDako16,D,1986,0.228,0.227,0.228
NDako16,E,1986,0.308,0.307,0.309
NDako16,B*,1986,0.592,0.583,0.613
NDako16,non-epitope,1986,0.03,0.029,0.031
NDako16,OtherbutB*,1986,0.059,0.058,0.06
NDako16,OtherEpibutB*,1986,0.322,0.32,0.327
NDako16,A,1987,0.378,0.376,0.379
NDako16,B,1987,0.482,0.478,0.494
NDako16,C,1987,0.347,0.346,0.348
NDako16,D,1987,0.234,0.227,0.25
NDako16,E,1987,0.254,0.252,0.256
NDako16,B*,1987,0.599,0.588,0.628
NDako16,non-epitope,1987,0.028,0.028,0.029
NDako16,OtherbutB*,1987,0.057,0.056,0.058
NDako16,OtherEpibutB*,1987,0.319,0.317,0.323
NDako16,A,1988,0.38,0.377,0.387
NDako16,B,1988,0.468,0.458,0.48
NDako16,C,1988,0.329,0.311,0.348
NDako16,D,1988,0.227,0.227,0.228
NDako16,E,1988,0.254,0.238,0.273
NDako16,B*,1988,0.583,0.58,0.589
NDako16,non-epitope,1988,0.029,0.029,0.029
NDako16,OtherbutB*,1988,0.057,0.056,0.058
NDako16,OtherEpibutB*,1988,0.313,0.308,0.322
NDako16,A,1989,0.407,0.387,0.428
NDako16,B,1989,0.479,0.478,0.48
NDako16,C,1989,0.267,0.261,0.276
NDako16,D,1989,0.227,0.227,0.228
NDako16,E,1989,0.245,0.235,0.264
NDako16,B*,1989,0.588,0.588,0.59
NDako16,non-epitope,1989,0.027,0.027,0.028
NDako16,OtherbutB*,1989,0.055,0.055,0.056
NDako16,OtherEpibutB*,1989,0.31,0.306,0.316
NDako16,A,1990,0.438,0.434,0.444
NDako16,B,1990,0.464,0.451,0.478
NDako16,C,1990,0.262,0.26,0.271
NDako16,D,1990,0.227,0.226,0.228
NDako16,E,1990,0.242,0.227,0.26
NDako16,B*,1990,0.55,0.515,0.584
NDako16,non-epitope,1990,0.027,0.026,0.028
NDako16,OtherbutB*,1990,0.055,0.054,0.056
NDako16,OtherEpibutB*,1990,0.316,0.312,0.321
NDako16,A,1991,0.428,0.418,0.438
NDako16,B,1991,0.468,0.463,0.475
NDako16,C,1991,0.257,0.256,0.26
NDako16,D,1991,0.228,0.226,0.232
NDako16,E,1991,0.257,0.254,0.261
NDako16,B*,1991,0.561,0.544,0.58
NDako16,non-epitope,1991,0.027,0.026,0.027
NDako16,OtherbutB*,1991,0.055,0.055,0.056
NDako16,OtherEpibutB*,1991,0.316,0.314,0.319
NDako16,A,1992,0.419,0.409,0.431
NDako16,B,1992,0.444,0.437,0.456
NDako16,C,1992,0.259,0.258,0.26
NDako16,D,1992,0.228,0.226,0.23
NDako16,E,1992,0.259,0.255,0.263
NDako16,B*,1992,0.526,0.507,0.551
NDako16,non-epitope,1992,0.027,0.027,0.027
NDako16,OtherbutB*,1992,0.055,0.055,0.055
NDako16,OtherEpibutB*,1992,0.312,0.309,0.315
NDako16,A,1993,0.424,0.418,0.431
NDako16,B,1993,0.399,0.395,0.403
NDako16,C,1993,0.26,0.258,0.263
NDako16,D,1993,0.228,0.227,0.23
NDako16,E,1993,0.247,0.241,0.253
NDako16,B*,1993,0.47,0.467,0.474
NDako16,non-epitope,1993,0.028,0.027,0.028
NDako16,OtherbutB*,1993,0.055,0.054,0.055
NDako16,OtherEpibutB*,1993,0.303,0.3,0.306
NDako16,A,1994,0.43,0.429,0.432
NDako16,B,1994,0.388,0.38,0.398
NDako16,C,1994,0.257,0.256,0.26
NDako16,D,1994,0.229,0.222,0.235
NDako16,E,1994,0.249,0.244,0.254
NDako16,B*,1994,0.448,0.436,0.465
NDako16,non-epitope,1994,0.029,0.029,0.03
NDako16,OtherbutB*,1994,0.056,0.056,0.057
NDako16,OtherEpibutB*,1994,0.304,0.302,0.307
NDako16,A,1995,0.419,0.41,0.432
NDako16,B,1995,0.364,0.36,0.371
NDako16,C,1995,0.27,0.264,0.277
NDako16,D,1995,0.187,0.183,0.192
NDako16,E,1995,0.232,0.224,0.24
NDako16,B*,1995,0.452,0.442,0.466
NDako16,non-epitope,1995,0.029,0.028,0.029
NDako16,OtherbutB*,1995,0.054,0.053,0.054
NDako16,OtherEpibutB*,1995,0.283,0.28,0.287
NDako16,A,1996,0.273,0.262,0.285
NDako16,B,1996,0.348,0.342,0.356
NDako16,C,1996,0.25,0.239,0.259
NDako16,D,1996,0.156,0.147,0.168
NDako16,E,1996,0.174,0.167,0.183
NDako16,B*,1996,0.427,0.414,0.44
NDako16,non-epitope,1996,0.028,0.028,0.029
NDako16,OtherbutB*,1996,0.048,0.047,0.048
NDako16,OtherEpibutB*,1996,0.226,0.221,0.231
NDako16,A,1997,0.24,0.23,0.25
NDako16,B,1997,0.327,0.32,0.334
NDako16,C,1997,0.212,0.202,0.226
NDako16,D,1997,0.155,0.143,0.166
NDako16,E,1997,0.15,0.142,0.159
NDako16,B*,1997,0.375,0.365,0.389
NDako16,non-epitope,1997,0.029,0.028,0.029
NDako16,OtherbutB*,1997,0.046,0.046,0.047
NDako16,OtherEpibutB*,1997,0.206,0.202,0.212
NDako16,A,1998,0.21,0.201,0.218
NDako16,B,1998,0.318,0.313,0.324
NDako16,C,1998,0.178,0.173,0.183
NDako16,D,1998,0.149,0.141,0.157
NDako16,E,1998,0.143,0.137,0.15
NDako16,B*,1998,0.346,0.342,0.352
NDako16,non-epitope,1998,0.029,0.029,0.029
NDako16,OtherbutB*,1998,0.045,0.045,0.046
NDako16,OtherEpibutB*,1998,0.193,0.19,0.196
NDako16,A,1999,0.173,0.17,0.176
NDako16,B,1999,0.288,0.283,0.293
NDako16,C,1999,0.168,0.167,0.169
NDako16,D,1999,0.122,0.117,0.125
NDako16,E,1999,0.119,0.117,0.123
NDako16,B*,1999,0.336,0.328,0.342
NDako16,non-epitope,1999,0.029,0.028,0.029
NDako16,OtherbutB*,1999,0.042,0.042,0.042
NDako16,OtherEpibutB*,1999,0.164,0.163,0.166
NDako16,A,2000,0.169,0.167,0.172
NDako16,B,2000,0.284,0.281,0.287
NDako16,C,2000,0.17,0.168,0.172
NDako16,D,2000,0.11,0.106,0.113
NDako16,E,2000,0.13,0.127,0.134
NDako16,B*,2000,0.331,0.325,0.34
NDako16,non-epitope,2000,0.03,0.03,0.03
NDako16,OtherbutB*,2000,0.043,0.043,0.043
NDako16,OtherEpibutB*,2000,0.163,0.162,0.165
NDako16,A,2001,0.171,0.169,0.173
NDako16,B,2001,0.254,0.25,0.259
NDako16,C,2001,0.162,0.156,0.169
NDako16,D,2001,0.109,0.104,0.116
NDako16,E,2001,0.102,0.096,0.109
NDako16,B*,2001,0.332,0.323,0.341
NDako16,non-epitope,2001,0.027,0.027,0.028
NDako16,OtherbutB*,2001,0.039,0.039,0.039
NDako16,OtherEpibutB*,2001,0.147,0.144,0.149
NDako16,A,2002,0.159,0.155,0.164
NDako16,B,2002,0.228,0.224,0.232
NDako16,C,2002,0.168,0.166,0.17
NDako16,D,2002,0.112,0.11,0.114
NDako16,E,2002,0.079,0.074,0.085
NDako16,B*,2002,0.324,0.317,0.333
NDako16,non-epitope,2002,0.027,0.027,0.028
NDako16,OtherbutB*,2002,0.038,0.038,0.038
NDako16,OtherEpibutB*,2002,0.133,0.132,0.135
NDako16,A,2003,0.122,0.12,0.126
NDako16,B,2003,0.159,0.157,0.16
NDako16,C,2003,0.146,0.142,0.149
NDako16,D,2003,0.096,0.094,0.1
NDako16,E,2003,0.01,0.01,0.012
NDako16,B*,2003,0.224,0.219,0.228
NDako16,non-epitope,2003,0.019,0.019,0.02
NDako16,OtherbutB*,2003,0.027,0.026,0.027
NDako16,OtherEpibutB*,2003,0.093,0.092,0.094
NDako16,A,2004,0.102,0.099,0.105
NDako16,B,2004,0.169,0.167,0.172
NDako16,C,2004,0.147,0.142,0.153
NDako16,D,2004,0.072,0.07,0.075
NDako16,E,2004,0.007,0.007,0.008
NDako16,B*,2004,0.255,0.25,0.261
NDako16,non-epitope,2004,0.018,0.018,0.018
NDako16,OtherbutB*,2004,0.025,0.024,0.025
NDako16,OtherEpibutB*,2004,0.082,0.081,0.084
NDako16,A,2005,0.076,0.073,0.081
NDako16,B,2005,0.162,0.159,0.165
NDako16,C,2005,0.153,0.148,0.157
NDako16,D,2005,0.056,0.054,0.058
NDako16,E,2005,0.006,0.006,0.008
NDako16,B*,2005,0.226,0.219,0.235
NDako16,non-epitope,2005,0.018,0.018,0.018
NDako16,OtherbutB*,2005,0.023,0.023,0.024
NDako16,OtherEpibutB*,2005,0.075,0.074,0.076
NDako16,A,2006,0.091,0.086,0.096
NDako16,B,2006,0.135,0.132,0.14
NDako16,C,2006,0.111,0.104,0.118
NDako16,D,2006,0.055,0.052,0.057
NDako16,E,2006,0.005,0.005,0.007
NDako16,B*,2006,0.182,0.174,0.193
NDako16,non-epitope,2006,0.017,0.017,0.017
NDako16,OtherbutB*,2006,0.022,0.022,0.022
NDako16,OtherEpibutB*,2006,0.069,0.067,0.071
NDako16,A,2007,0.093,0.091,0.096
NDako16,B,2007,0.142,0.141,0.144
NDako16,C,2007,0.094,0.092,0.096
NDako16,D,2007,0.05,0.048,0.053
NDako16,E,2007,0.008,0.007,0.009
NDako16,B*,2007,0.188,0.185,0.191
NDako16,non-epitope,2007,0.015,0.015,0.015
NDako16,OtherbutB*,2007,0.02,0.02,0.02
NDako16,OtherEpibutB*,2007,0.068,0.067,0.069
NDako16,A,2008,0.096,0.093,0.099
NDako16,B,2008,0.146,0.144,0.149
NDako16,C,2008,0.1,0.096,0.104
NDako16,D,2008,0.038,0.035,0.041
NDako16,E,2008,0.029,0.027,0.031
NDako16,B*,2008,0.198,0.195,0.201
NDako16,non-epitope,2008,0.015,0.015,0.015
NDako16,OtherbutB*,2008,0.02,0.02,0.021
NDako16,OtherEpibutB*,2008,0.071,0.071,0.073
NDako16,A,2009,0.099,0.097,0.102
NDako16,B,2009,0.076,0.075,0.078
NDako16,C,2009,0.082,0.081,0.083
NDako16,D,2009,0.009,0.008,0.01
NDako16,E,2009,0.011,0.01,0.012
NDako16,B*,2009,0.102,0.099,0.105
NDako16,non-epitope,2009,0.013,0.013,0.013
NDako16,OtherbutB*,2009,0.016,0.016,0.016
NDako16,OtherEpibutB*,2009,0.049,0.049,0.05
NDako16,A,2010,0.095,0.093,0.097
NDako16,B,2010,0.062,0.06,0.063
NDako16,C,2010,0.096,0.093,0.099
NDako16,D,2010,0.003,0.002,0.003
NDako16,E,2010,0.017,0.016,0.019
NDako16,B*,2010,0.083,0.08,0.086
NDako16,non-epitope,2010,0.012,0.012,0.012
NDako16,OtherbutB*,2010,0.016,0.016,0.016
NDako16,OtherEpibutB*,2010,0.048,0.048,0.049
NDako16,A,2011,0.071,0.069,0.073
NDako16,B,2011,0.062,0.061,0.064
NDako16,C,2011,0.076,0.074,0.079
NDako16,D,2011,0.003,0.003,0.004
NDako16,E,2011,0.015,0.014,0.016
NDako16,B*,2011,0.083,0.081,0.086
NDako16,non-epitope,2011,0.01,0.009,0.01
NDako16,OtherbutB*,2011,0.013,0.012,0.013
NDako16,OtherEpibutB*,2011,0.04,0.039,0.041
NDako16,A,2012,0.058,0.057,0.06
NDako16,B,2012,0.062,0.061,0.064
NDako16,C,2012,0.041,0.039,0.043
NDako16,D,2012,0.004,0.004,0.005
NDako16,E,2012,0.008,0.008,0.009
NDako16,B*,2012,0.081,0.079,0.083
NDako16,non-epitope,2012,0.007,0.007,0.007
NDako16,OtherbutB*,2012,0.009,0.009,0.009
NDako16,OtherEpibutB*,2012,0.031,0.031,0.032
NDako16,A,2013,0.041,0.039,0.042
NDako16,B,2013,0.056,0.055,0.058
NDako16,C,2013,0.004,0.004,0.005
NDako16,D,2013,0.002,0.002,0.002
NDako16,E,2013,0.005,0.004,0.006
NDako16,B*,2013,0.078,0.076,0.081
NDako16,non-epitope,2013,0.004,0.004,0.004
NDako16,OtherbutB*,2013,0.005,0.005,0.006
NDako16,OtherEpibutB*,2013,0.019,0.019,0.019
NDako16,A,2014,0.016,0.015,0.017
NDako16,B,2014,0.015,0.014,0.016
NDako16,C,2014,0.001,0.001,0.002
NDako16,D,2014,0.001,0.001,0.001
NDako16,E,2014,0.002,0.002,0.002
NDako16,B*,2014,0.017,0.016,0.019
NDako16,non-epitope,2014,0.002,0.002,0.002
NDako16,OtherbutB*,2014,0.002,0.002,0.002
NDako16,OtherEpibutB*,2014,0.007,0.007,0.007
NDako16,A,2015,0.,0.,0.
NDako16,B,2015,0.,0.,0.
NDako16,C,2015,0.,0.,0.
NDako16,D,2015,0.,0.,0.
NDako16,E,2015,0.,0.,0.
NDako16,B*,2015,0.,0.,0.
NDako16,non-epitope,2015,0.,0.,0.
NDako16,OtherbutB*,2015,0.,0.,0.
NDako16,OtherEpibutB*,2015,0.,0.,0.
NDako16,A,2016,0.008,0.008,0.009
NDako16,B,2016,0.008,0.007,0.008
NDako16,C,2016,0.002,0.001,0.002
NDako16,D,2016,0.012,0.011,0.012
NDako16,E,2016,0.006,0.005,0.006
NDako16,B*,2016,0.006,0.006,0.007
NDako16,non-epitope,2016,0.002,0.002,0.002
NDako16,OtherbutB*,2016,0.002,0.002,0.002
NDako16,OtherEpibutB*,2016,0.007,0.007,0.008
NDako16,A,2017,0.027,0.026,0.028
NDako16,B,2017,0.01,0.01,0.011
NDako16,C,2017,0.003,0.002,0.003
NDako16,D,2017,0.023,0.023,0.024
NDako16,E,2017,0.013,0.013,0.014
NDako16,B*,2017,0.01,0.009,0.01
NDako16,non-epitope,2017,0.002,0.002,0.002
NDako16,OtherbutB*,2017,0.004,0.004,0.004
NDako16,OtherEpibutB*,2017,0.016,0.016,0.017
NDako16,A,2018,0.056,0.055,0.058
NDako16,B,2018,0.01,0.01,0.011
NDako16,C,2018,0.002,0.002,0.003
NDako16,D,2018,0.014,0.014,0.015
NDako16,E,2018,0.023,0.023,0.025
NDako16,B*,2018,0.011,0.01,0.012
NDako16,non-epitope,2018,0.002,0.002,0.003
NDako16,OtherbutB*,2018,0.004,0.004,0.005
NDako16,OtherEpibutB*,2018,0.023,0.023,0.024
