ID	InputCount	Rep1Count	Rep2Count	Rep1Fitness	Rep2Fitness	Fitness	Rep1_Preference	Rep2_Preference	Preference
HNYDSA	604.0	538.0	521.0	0.903460077833	0.685065805436	0.794262941635	0.919483366646	0.687888510003	0.802906161199
HEYDSA	535.0	425.0	602.0	0.805747149289	0.893663900777	0.849705525033	0.820037453421	0.89734610058	0.858952074296
KGFESV	394.0	18.0	34.0	0.0463382803682	0.0685352815283	0.0574367809482	0.0471601115345	0.0688176702428	0.058061811631
HNYDSV	581.0	1747.0	1868.0	3.04986349842	2.55347873456	2.80167111649	3.10395426001	2.56399993709	2.83215907877
HEYDSV	440.0	1802.0	2431.0	4.15399280329	4.38797139985	4.27098210157	4.22766581668	4.4060513373	4.31745919892
HKSESA	361.0	6.0	25.0	0.016858063218	0.0550002055608	0.0359291343894	0.017157048887	0.05522682515	0.0363201175021
EGSDNA	755.0	2099.0	1837.0	2.81987019089	1.93238523545	2.37612771317	2.86988191315	1.94034732111	2.40198488522
ENYEFV	502.0	5.0	4.0	0.0101025246044	0.00632831050437	0.00821541755438	0.0102816976232	0.00635438530013	0.00830481824779
HNFDSA	874.0	353.0	506.0	0.409663152184	0.459801718489	0.434732435337	0.416928720597	0.461696258255	0.439463221193
HNFDSV	707.0	1260.0	1861.0	1.80765172921	2.0905399208	1.94909582501	1.83971128164	2.09915365766	1.97030600905
ENYEFA	530.0	5.0	29.0	0.00956880632341	0.0434563888314	0.0265125975774	0.00973851359779	0.0436354439619	0.026801109341
EGSDNV	797.0	2821.0	2170.0	3.59011528189	2.16238449336	2.87624988762	3.6537876626	2.17129425434	2.9075494208
HKSESV	320.0	6.0	66.0	0.0190180025678	0.163804362212	0.0914111823897	0.0193552957756	0.164479292004	0.0924059246577
KGFDNV	922.0	114.0	156.0	0.125411557063	0.134377074896	0.12989431598	0.12763578993	0.134930754236	0.131307834142
QESDSA	343.0	3212.0	4313.0	9.49828171004	9.98658134773	9.74243152888	9.66673819727	10.027729466	9.84844928493
QEYEFA	262.0	2.0	10.0	0.00774269824642	0.0303130903931	0.0190278943197	0.00788001863637	0.0304379906552	0.0192349570691
QESDSV	330.0	5861.0	5533.0	18.0144667555	13.3161364351	15.6653015953	18.3339617844	13.3710034549	15.835772398
QNFESV	284.0	409.0	362.0	1.46072545544	1.01232913565	1.23652729554	1.48663210746	1.01650027666	1.24998326377
KGFDNA	881.0	212.0	309.0	0.244075159704	0.278557000232	0.261316079968	0.248403947297	0.279704749996	0.264159738077
QEYEFV	273.0	16.0	15.0	0.059445771152	0.0436375257307	0.0515416484413	0.0605000698236	0.043817327207	0.0521025279194
KGFEFA	527.0	85.0	23.0	0.163595721013	0.0346616096221	0.0991286653176	0.166497167962	0.0348044272653	0.100207389723
KNFDNA	920.0	312.0	298.0	0.343977785574	0.257252700601	0.300615243087	0.350078393159	0.258312669391	0.303886557175
QEFDNA	452.0	5645.0	6932.0	12.667448318	12.1801216289	12.4237849734	12.8921114635	12.2303078806	12.5589813872
QEFEFV	258.0	26.0	11.0	0.102215621036	0.0338613668654	0.0680384939508	0.104028463083	0.0340008872358	0.068778893145
HNSDFA	822.0	275.0	656.0	0.339331757089	0.633816480783	0.486574118936	0.345349965177	0.636428020668	0.491869049271
HKFDSA	762.0	59.0	25.0	0.0785345337882	0.0260565278313	0.0522955308097	0.0799273806306	0.0261638896052	0.0528646140834
QEFEFA	298.0	6.0	8.0	0.0204220161802	0.021320885055	0.0208714506176	0.0207842102289	0.0214087343669	0.0210985750632
QEFDNV	462.0	5551.0	4386.0	12.1868897263	7.5397710367	9.86333038148	12.4030299395	7.57083746268	9.97066376649
KNFDNV	865.0	218.0	175.0	0.255625406383	0.160676901101	0.208151153742	0.260159043026	0.161338944687	0.210416267761
KGFEFV	534.0	16.0	3.0	0.0303908155889	0.00446181442864	0.0174263150088	0.0309298109772	0.00448019862453	0.0176159492708
HKFDSV	704.0	110.0	45.0	0.158483354731	0.050765814735	0.104624584733	0.161294131463	0.0509749871911	0.105763116081
HNSDFV	749.0	243.0	275.0	0.329069844163	0.291596550443	0.310333197303	0.334906052405	0.292798027598	0.313710262783
EKFDNA	821.0	67.0	111.0	0.0827742539693	0.107377015202	0.0950756345858	0.0842422942405	0.107819445095	0.0961102536544
HEYESV	287.0	42.0	22.0	0.148433190773	0.0608796700438	0.104656430408	0.151065723127	0.0611305150302	0.105795308303
HEYDNA	538.0	2273.0	4154.0	4.28529564675	6.13219169203	5.20874366939	4.36129737774	6.15745841146	5.26542554742
EKFDNV	865.0	74.0	103.0	0.0867719269373	0.0945698332193	0.0906708800783	0.0883108678161	0.0949594931585	0.0916575663297
HNSESV	354.0	14.0	22.0	0.0401133010846	0.0493572466174	0.044735273851	0.0408247293196	0.0495606152928	0.0452220859303
HEYDNV	564.0	3884.0	3472.0	6.98495716059	4.88913600343	5.93704658201	7.10883865649	4.90928090982	6.0016538984
HEYESA	258.0	6.0	6.0	0.0235882202391	0.0184698364721	0.0210290283556	0.0240065684038	0.0185459384923	0.0212578675721
QGYENV	201.0	235.0	575.0	1.18586550008	2.27197366553	1.72891958281	1.2068973817	2.28133497125	1.74773379505
QEYDNV	362.0	2791.0	5021.0	7.82014661755	11.0157268061	9.41793671185	7.95884059074	11.0611153543	9.52042329478
QNFDNA	606.0	3234.0	4095.0	5.41291267803	5.36676758281	5.38984013042	5.50891322669	5.38888049407	5.4484927116
KEFDSV	771.0	733.0	1034.0	0.96430235242	1.06511785891	1.01471010567	0.981404707549	1.06950650745	1.02575224521
KESDNA	711.0	7914.0	8969.0	11.2898994709	10.0185744341	10.6542369525	11.4901311406	10.0598543748	10.7701770328
KEFDSA	800.0	2064.0	1909.0	2.61687715333	1.8951668331	2.25602199321	2.66328869873	1.90297556626	2.28057216722
QNFDNV	572.0	2006.0	3186.0	3.55712010731	4.42365499475	3.99038755103	3.6202073031	4.44188196077	4.03381120073
QEYDNA	364.0	5090.0	5962.0	14.1833894608	13.0083464203	13.5958679406	14.4349385345	13.0619452404	13.7438190354
QGYENA	233.0	502.0	246.0	2.18530181151	0.838514721894	1.5119082667	2.22405916552	0.841969688287	1.52836094808
QNFESA	307.0	43.0	59.0	0.14206716359	0.152631840813	0.147349502201	0.144586791462	0.153260736009	0.148952968803
KESDNV	637.0	4563.0	3999.0	7.26565322589	4.98589901134	6.12577611862	7.39451299835	5.0064426143	6.19243720176
EGYENV	472.0	64.0	72.0	0.137531318004	0.121149605334	0.129340461669	0.139970500524	0.121648782992	0.130747952753
HGYDFV	581.0	92.0	67.0	0.160611014227	0.0915862287022	0.126098621465	0.163459525999	0.0919635951741	0.127470834639
QKYEFA	265.0	14.0	15.0	0.0535853154111	0.044954884998	0.0492701002046	0.0545356761476	0.0451401144434	0.0498062605511
EGYENA	457.0	113.0	29.0	0.250799041886	0.0503980001765	0.150598521031	0.255247080688	0.0506056571112	0.152237343661
QKYEFV	257.0	3.0	3.0	0.0118400015986	0.00927085177002	0.0105554266843	0.0120499895879	0.00930905083852	0.0106702915051
HGYDFA	603.0	68.0	60.0	0.114381353199	0.079025170975	0.0967032620871	0.11640996022	0.0793507816087	0.0977555931011
ENFENV	435.0	41.0	47.0	0.0956000742104	0.0858104356552	0.0907052549328	0.0972955864275	0.0861640038915	0.0916923152536
KGSESA	381.0	22.0	23.0	0.0585681268929	0.0479440112096	0.0532560690512	0.0596068601313	0.0481415568736	0.0538356049628
QKYDNA	495.0	69.0	212.0	0.141386362524	0.340143493493	0.240764928009	0.143893916069	0.341545000596	0.243384947183
QEFESV	208.0	30.0	40.0	0.146292327444	0.152731340057	0.149511833751	0.148886890581	0.153360645224	0.151138830982
QKSESA	227.0	5.0	18.0	0.0223412658652	0.0629764468254	0.0426588563453	0.0227374987085	0.0632359312467	0.043123072718
QKYDNV	429.0	41.0	63.0	0.0969371381854	0.116631205135	0.10678417166	0.0986563638601	0.117111765444	0.10794620377
KGSESV	343.0	58.0	82.0	0.171513181564	0.189867765016	0.18069047329	0.174555048395	0.190650084909	0.182656758448
ENFENA	514.0	22.0	47.0	0.0434133391949	0.0726216721985	0.0580175056967	0.0441832951557	0.0729208982351	0.058648855863
HNSESA	358.0	17.0	19.0	0.0481647737284	0.042150436865	0.0451576052967	0.0490189986123	0.0423241110284	0.0456490132135
QKSESV	241.0	10.0	37.0	0.0420868659868	0.121931576046	0.0820092210163	0.0428332963222	0.12243397569	0.082901650546
QEFESA	247.0	55.0	22.0	0.225854821318	0.0707387259213	0.148296773619	0.229860462652	0.0710301935776	0.149910548488
EKFESV	377.0	13.0	14.0	0.0349756369062	0.0294929484249	0.0322342926656	0.0355959462539	0.0296144694227	0.032585068277
QNYEFA	322.0	6.0	15.0	0.0188998783282	0.0369970326847	0.0279484555065	0.0192350765472	0.0371494730668	0.0282525923669
HNFEFV	513.0	21.0	5.0	0.0415207853331	0.00774076967152	0.0246307775023	0.0422571759623	0.00777266428037	0.0248988111808
KKFENV	425.0	1.0	1.0	0.00238657287125	0.00186871286658	0.00212764286892	0.00242889986204	0.00187641260039	0.00215079601318
HNFEFA	665.0	17.0	3.0	0.0259293067591	0.00358287053368	0.0147560886464	0.0263891751928	0.00359763318121	0.0149166653363
QNYEFV	283.0	21.0	106.0	0.0752655932011	0.297475316748	0.186370454974	0.0766004638469	0.298701016423	0.188398550052
HNFDNV	875.0	2688.0	3210.0	3.1159095407	2.91359031799	3.01474992934	3.17117165987	2.92559530296	3.04755662874
KKFENA	423.0	1.0	0.0	0.00239785690374	0.0	0.00119892845187	0.00244038402214	0.0	0.00121197526711
EKSDFA	750.0	47.0	75.0	0.0635623908043	0.0794202968298	0.0714913438171	0.0646896996589	0.0797475355166	0.072269317142
KEFDFV	881.0	64.0	86.0	0.0736830670806	0.077527191003	0.0756051290418	0.0749898708824	0.0778466294487	0.0764278688376
EGYDFV	909.0	69.0	59.0	0.0769925736517	0.0515489275353	0.0642707505935	0.0783580731069	0.051761326683	0.0649701489662
QKFDSA	462.0	60.0	114.0	0.131726424712	0.195972161009	0.16384929286	0.134062654723	0.196779633093	0.165632311227
QEYESA	215.0	59.0	76.0	0.278340998821	0.280741514375	0.279541256598	0.283277507165	0.281898265082	0.282583242232
HGYENV	284.0	132.0	223.0	0.471432176328	0.623617119474	0.547524647901	0.479793247395	0.626186634515	0.553482845747
EKSDFV	665.0	15.0	16.0	0.0228788000815	0.0191086428463	0.0209937214639	0.0232845663465	0.0191873769664	0.0212221764686
HGYENA	314.0	23.0	69.0	0.0742953815811	0.17452230832	0.124408844951	0.0756130450681	0.175241399702	0.12576266987
QESESA	181.0	24.0	13.0	0.13449195186	0.057042202143	0.0957670770017	0.136877229794	0.057277235454	0.0968092203904
QKFDSV	415.0	50.0	63.0	0.122204032564	0.120565751814	0.121384892189	0.124371378478	0.121062523796	0.122705810263
EGYDFA	825.0	414.0	363.0	0.508990905087	0.349449306051	0.429220105569	0.518018097849	0.350889156273	0.433890905904
KEFDFA	944.0	766.0	842.0	0.823038981182	0.70838866452	0.765713822851	0.837635964074	0.711307467214	0.774046369098
HEFENA	352.0	28.0	10.0	0.080682435136	0.0225625843267	0.0516225097313	0.0821133760177	0.0226555498627	0.052184269147
EKYENA	376.0	42.0	119.0	0.113298738702	0.251356790499	0.1823277646	0.115308145046	0.25239246613	0.184311866866
KKSENV	322.0	1.0	2.0	0.00314997972137	0.00493293769129	0.00404145870633	0.0032058460912	0.00495326307556	0.00408543811557
QGSDNV	415.0	1683.0	2229.0	4.1133877361	4.2657311237	4.1895594299	4.18634059956	4.28330738955	4.23515048058
HEFENV	353.0	43.0	55.0	0.123554162102	0.123742672114	0.123648417108	0.125745453197	0.124252534091	0.124993967003
QGSDNA	460.0	2859.0	3175.0	6.30405441638	5.48172700945	5.89289071291	6.41585978231	5.50431359273	5.95701752234
KKSENA	357.0	0.0	0.0	0.0	0.0	0.0	0.0	0.0	0.0
QESENA	206.0	35.0	35.0	0.172331414854	0.134937397526	0.15363440619	0.175387793436	0.135493385586	0.155306265515
KKSDFA	684.0	0.0	0.0	0.0	0.0	0.0	0.0	0.0	0.0
EEFENV	456.0	29.0	76.0	0.0645055057854	0.132367161383	0.0984363335842	0.0656495412271	0.132912559194	0.0995075239918
QESENV	188.0	103.0	110.0	0.555703337441	0.464693226132	0.510198281787	0.565558997131	0.466607920576	0.515750291757
EEFENA	476.0	8.0	18.0	0.0170469490804	0.0300328853558	0.0235399172181	0.0173492847289	0.0301566310777	0.023796080086
KKSDFV	537.0	3.0	1.0	0.00566644396805	0.00147896269702	0.00357270333253	0.00576694101321	0.00148505652731	0.00361158171615
QNFDSA	466.0	2639.0	2788.0	5.74403533921	4.75158342407	5.24780938164	5.84590850378	4.77116156696	5.30491637523
HNFESV	496.0	31.0	181.0	0.0633933418926	0.289820034802	0.176606688348	0.0645176525853	0.291014192107	0.1785285335
HGSDSA	461.0	1866.0	1422.0	4.10557834175	2.44979744234	3.27768789204	4.17839270193	2.45989144261	3.31335589898
KNYDFA	902.0	85.0	79.0	0.0955819789068	0.0695587965583	0.0825703877325	0.0972771701952	0.0698454025035	0.0834689239139
EESESV	344.0	9.0	16.0	0.026536747769	0.0369396729441	0.0317382103565	0.0270073894543	0.0370918769845	0.0320835875689
QNFDSV	519.0	1542.0	2138.0	3.01356557066	3.27168775765	3.14262666416	3.06701257145	3.2851682261	3.17682492627
EESESA	356.0	9.0	7.0	0.0256422506532	0.0156163505002	0.0206293005767	0.0260970280121	0.0156806951858	0.0208537899303
KNYDFV	828.0	9.0	25.0	0.0110249290248	0.0239795582216	0.0175022436232	0.0112204613192	0.0240783621729	0.0176927041452
HGSDSV	453.0	1341.0	1118.0	3.00257735904	1.96008591293	2.48133163599	3.05582947874	1.96816213483	2.50833364378
HNFESA	499.0	11.0	14.0	0.0223591746956	0.0222822476076	0.0223207111516	0.0227557251604	0.0223740580608	0.022563606542
ENFESA	460.0	33.0	67.0	0.0727645315636	0.115677388861	0.0942209602122	0.0740550447066	0.116154019122	0.0952462786602
HKYDNA	619.0	65.0	152.0	0.10650900738	0.195022376707	0.150765692043	0.108397994651	0.195825935356	0.152406333839
EEYEFA	544.0	18.0	5.0	0.0335611810019	0.0072996596351	0.0204304203185	0.0341564043098	0.00732973672029	0.0206527454445
QNSEFV	299.0	47.0	30.0	0.159437435128	0.0796859165517	0.11956167584	0.162265132924	0.0800142496823	0.120862753558
QKFDNA	545.0	121.0	145.0	0.225191761292	0.211301707162	0.218246734227	0.229185642945	0.2121723422	0.220621708992
HKSENV	365.0	55.0	175.0	0.152838742097	0.380782245075	0.266810493586	0.155549408973	0.382351197683	0.269713942251
QNSEFA	345.0	25.0	16.0	0.073499526832	0.0368326014283	0.0551660641301	0.0748030754613	0.0369843642976	0.0557663847289
EEYEFV	512.0	0.0	10.0	0.0	0.0155117767246	0.00775588836229	0.0	0.0155756905306	0.00784028842997
HKYDNV	683.0	56.0	74.0	0.0831631542251	0.0860483450279	0.0846057496265	0.0846380918249	0.0864028935319	0.0855264347448
ENFESV	465.0	26.0	24.0	0.0567131832845	0.0409911209444	0.0488521521145	0.0577190182268	0.0411600183311	0.0493837643234
HKSENA	385.0	5.0	12.0	0.0131726424712	0.0247543782327	0.0189635103519	0.0134062654723	0.0248563747065	0.0191698724709
QKFDNV	568.0	66.0	71.0	0.117858044082	0.0992753710373	0.10856670756	0.119948311849	0.0996844193958	0.109748137338
KKYENV	360.0	0.0	3.0	0.0	0.00661835806915	0.00330917903458	0.0	0.00664562795972	0.00334518973012
QKYDSA	399.0	61.0	83.0	0.155067422775	0.165210141275	0.160138782025	0.157817616349	0.165890863355	0.161881422379
QKSEFA	298.0	22.0	23.0	0.0748807259939	0.0612975445331	0.0680891352635	0.076208770839	0.0615501113048	0.0688300855397
QEYDFV	394.0	307.0	389.0	0.790325115168	0.784124250427	0.787224682797	0.804341902282	0.787355109543	0.795791311583
KEYDNV	784.0	1569.0	1498.0	2.02988068223	1.51749495728	1.77368781976	2.06588156951	1.52374755362	1.79298920279
QKYDSV	379.0	36.0	80.0	0.0963444984964	0.167641787504	0.131993143	0.0980532134278	0.168332528795	0.13342950073
QNFENA	310.0	138.0	60.0	0.451524189996	0.153716703542	0.302620446769	0.459532183575	0.154350068742	0.30591358161
QKSEFV	307.0	20.0	6.0	0.0660777505069	0.0155218821166	0.0407998163117	0.0672496704472	0.0155858375603	0.0412438024932
HKFESV	388.0	0.0	31.0	0.0	0.0634543608692	0.0317271804346	0.0	0.0637158144592	0.0320724376187
HEYEFA	340.0	10.0	7.0	0.0298321608906	0.0163512375826	0.0230916992366	0.0303612482754	0.0164186102534	0.0233429845681
HKFESA	406.0	0.0	4.0	0.0	0.00782465978619	0.0039123298931	0.0	0.0078569000509	0.00395490411443
HKYEFV	395.0	0.0	3.0	0.0	0.00603192127822	0.00301596063911	0.0	0.00605677484937	0.00304878051353
HNSDNA	706.0	2207.0	2821.0	3.17074460186	3.17343707305	3.17209083745	3.22697924659	3.1865127152	3.20660973056
EKFDSV	762.0	68.0	96.0	0.0905143779253	0.100057066872	0.0952857223988	0.0921196929302	0.100469336084	0.0963226276562
HGSESV	271.0	7.0	17.0	0.026199462332	0.0498208504099	0.0380101563709	0.0266641221017	0.0500261292909	0.0384237852965
HGSDNA	571.0	1807.0	2288.0	3.20985691909	3.18237546667	3.19611619288	3.26678523914	3.19548793804	3.23089653143
EKSDSA	552.0	241.0	257.0	0.442834649163	0.369764787777	0.40629971847	0.450688529654	0.371288344707	0.410721097703
EKFDSA	714.0	66.0	145.0	0.093758219942	0.161287717652	0.127522968797	0.0954210660086	0.16195227801	0.128910681809
HNSDNV	715.0	3285.0	3702.0	4.66007559423	4.11208306104	4.38607932763	4.74272422362	4.12902624452	4.43380892027
EKSDSV	551.0	226.0	304.0	0.416025996885	0.438180948027	0.427103472456	0.423404413337	0.439986402851	0.431751239455
KKFEFA	480.0	0.0	0.0	0.0	0.0	0.0	0.0	0.0	0.0
HGSDNV	533.0	1548.0	2667.0	2.94582793995	3.9739949652	3.45991145258	2.99807358205	3.99036917867	3.49756242783
EKFENA	469.0	27.0	2.0	0.0583921614021	0.00338679304178	0.0308894772219	0.0594277738099	0.00340074778322	0.0312256184666
EGSENA	369.0	47.0	18.0	0.129191851228	0.0387416082097	0.0839667297189	0.131483129388	0.0389012368374	0.0848804609821
QKSDNV	454.0	405.0	498.0	0.904821267542	0.871174181085	0.887997724313	0.920868697694	0.874763715579	0.89766097171
EESDNV	698.0	360.0	436.0	0.523131302724	0.496092398536	0.50961185063	0.53240928208	0.49813646827	0.515157479019
EESEFA	460.0	9.0	14.0	0.0198448722446	0.0241713946873	0.022008133466	0.0201968303745	0.0242709890702	0.0222476273663
QNSESV	256.0	151.0	101.0	0.598274664111	0.313337889836	0.455806276974	0.608885346274	0.314628948718	0.460766389707
EGSDFV	732.0	79.0	61.0	0.109466098569	0.0661835806915	0.0878248396301	0.111407531241	0.0664562795972	0.0887805550894
KKYENA	399.0	0.0	0.0	0.0	0.0	0.0	0.0	0.0	0.0
EESEFV	447.0	11.0	69.0	0.024960241998	0.122595089066	0.0737776655321	0.025402923613	0.123100222609	0.0745805187545
EESDNA	794.0	314.0	406.0	0.401118576408	0.406103784797	0.403611180603	0.408232602756	0.407777070778	0.408003302997
QKSDNA	493.0	469.0	1138.0	0.964916100531	1.83327176049	1.39909393051	0.982029340771	1.84082546486	1.41431895915
ENSDFV	751.0	71.0	107.0	0.095891925952	0.113155416256	0.104523671104	0.0975926142968	0.113621655131	0.105661104304
EGSENV	435.0	42.0	75.0	0.0979317833375	0.136931546258	0.117431664798	0.0996686495111	0.13749575089	0.118709563601
QNFENV	306.0	240.0	404.0	0.795524290417	1.04855555292	0.922039921667	0.809633287345	1.05287595911	0.932073618409
EGSDFA	788.0	189.0	230.0	0.243275971933	0.231810511052	0.237543241492	0.247590585556	0.232765649351	0.240128202069
QNSESA	231.0	26.0	23.0	0.114162901417	0.0790764860211	0.096619693719	0.116187634093	0.0794023080902	0.0976711153367
EKFEFA	546.0	1.0	28.0	0.0018576803485	0.0407283573486	0.0212930188486	0.00189062718199	0.0408961720598	0.0215247308264
KNSDFV	634.0	84.0	116.0	0.134385885652	0.145311584105	0.139848734879	0.136769282452	0.145910317349	0.141370577657
KKYEFA	464.0	0.0	1.0	0.0	0.00171164432823	0.000855822164115	0.0	0.00171869688614	0.000865135275031
QKFEFA	340.0	2.0	16.0	0.00596643217812	0.0373742573317	0.0216703447549	0.00607224965508	0.0375282520079	0.0219061628171
HESEFV	333.0	3.0	51.0	0.00913777901154	0.121634688838	0.065386233925	0.0092998418141	0.122135865205	0.0660977710579
KKSDSA	524.0	2.0	11.0	0.00387134912321	0.0166721997162	0.0102717744197	0.00394000931819	0.0167408948604	0.0103835525186
EEFESV	442.0	7.0	18.0	0.0160634712488	0.0323431073063	0.0242032892775	0.016348364456	0.0324763719299	0.0244666710021
HESEFA	364.0	3.0	30.0	0.00835956156825	0.065456288596	0.0369079250821	0.00850782231894	0.0657259908104	0.0373095594571
QKFEFV	323.0	2.0	1.0	0.00628045492434	0.00245883271919	0.00436964382177	0.0063918417422	0.00246896394788	0.00441719456219
KKYEFV	449.0	0.0	12.0	0.0	0.0212259145202	0.0106129572601	0.0	0.0213133725211	0.0107284481322
KNSDFA	740.0	254.0	478.0	0.34814938034	0.513012187631	0.430580783985	0.354323973117	0.515125972662	0.435266391308
EKFEFV	529.0	1.0	0.0	0.00191737896083	0.0	0.000958689480417	0.00195138457725	0.0	0.000969121999975
EEFESA	487.0	85.0	5.0	0.177032741219	0.00815403458212	0.0925933879008	0.180172500032	0.00818763198323	0.093600995004
KKSDSV	534.0	1.0	1.0	0.00189942597431	0.00148727147621	0.00169334872526	0.00193311318608	0.00149339954151	0.00171177585318
QGYESA	201.0	78.0	60.0	0.393606421303	0.237075512925	0.315340967114	0.400587216052	0.238052344826	0.318772527462
KEFEFA	604.0	10.0	63.0	0.0167929382497	0.0828390513291	0.0498159947894	0.0170907688968	0.0831803764495	0.0503580955953
HKFENV	460.0	11.0	32.0	0.0242548438545	0.0552489021425	0.0397518729985	0.0246850149022	0.0554765464464	0.0401844553946
QGYDFV	452.0	74.0	101.0	0.166056895577	0.177465707518	0.171761301548	0.169001992613	0.178196926708	0.173630418894
QEYENV	206.0	279.0	182.0	1.37372756412	0.701674467137	1.03770101563	1.39809126768	0.70456560505	1.04899334371
HKYEFA	412.0	2.0	2.0	0.0049237547101	0.00385535421504	0.00438955446257	0.00501107981245	0.00387123958819	0.00443732187185
QEFDFV	461.0	180.0	210.0	0.396036495988	0.361784432414	0.378910464201	0.403060389253	0.36327510756	0.383033791836
HKSDSV	560.0	142.0	257.0	0.25719584425	0.364482433666	0.310839138958	0.261757333346	0.365984225497	0.314221710127
KKFESV	384.0	4.0	2.0	0.0105655569821	0.00413647379322	0.00735101538766	0.0107529420976	0.00415351747483	0.00743100960202
KGFDFA	851.0	24.0	99.0	0.0286052212535	0.0923925897315	0.0604989054925	0.0291125482876	0.0927732786856	0.0611572584083
QGYDFA	439.0	461.0	608.0	1.06512366697	1.09994397432	1.08253382064	1.08401413547	1.10447611832	1.09431402214
KKFEFV	477.0	14.0	0.0	0.0297696196728	0.0	0.0148848098364	0.0302975978597	0.0	0.0150467872784
HKFENA	455.0	2.0	11.0	0.0044584328364	0.0192005113215	0.011829472079	0.00453750523677	0.0192796239711	0.0119582011423
QGYESV	189.0	352.0	150.0	1.8890545055	0.63031981611	1.2596871608	1.9225577744	0.632916948545	1.27339515615
KGFDFV	842.0	21.0	12.0	0.0252971055533	0.0113188071491	0.0183079563512	0.0257457616017	0.0113654444916	0.0185071846901
KKFESA	422.0	1.0	0.0	0.0024035390291	0.0	0.00120176951455	0.00244616692266	0.0	0.00121484724641
KNFDFA	901.0	46.0	75.0	0.0517841283384	0.0661101249971	0.0589471266678	0.0527025441762	0.0663825212403	0.0595885930283
QEFDFA	434.0	660.0	708.0	1.54247394098	1.29561221557	1.41904307827	1.56983044078	1.3009505794	1.43448519479
HGFENV	351.0	29.0	144.0	0.0838020246101	0.325826858789	0.2048144417	0.0852882928763	0.327169376479	0.207043245408
EKFDFV	787.0	1.0	4.0	0.00128881000036	0.00403660974993	0.00266270987514	0.00131166765104	0.00405324195765	0.0026916856524
ENFEFA	635.0	122.0	15.0	0.194872131298	0.0187607000385	0.106816415668	0.198328280073	0.0188380005157	0.107978798659
HGFENA	374.0	11.0	22.0	0.0298321608906	0.0467178216646	0.0382749912776	0.0303612482754	0.0469103150098	0.0386915021534
ENFEFV	617.0	6.0	5.0	0.00986346972721	0.00643600460534	0.00814973716627	0.0100384029954	0.0064625231375	0.00823842312154
KEYEFA	515.0	96.0	54.0	0.189072180868	0.0832756510449	0.136173915956	0.192425464798	0.0836187751049	0.137655769122
HKSDSA	682.0	131.0	171.0	0.194827631388	0.199133002315	0.196980316852	0.198282990936	0.199953498143	0.199123869118
KESENV	364.0	120.0	180.0	0.33438246273	0.392737731576	0.363560097153	0.340312892758	0.394355944863	0.367516381123
HEYDFA	642.0	120.0	192.0	0.189587564539	0.237518644725	0.213553104632	0.192949989041	0.23849730248	0.215877003023
KNSENV	270.0	30.0	106.0	0.112699274476	0.311798202369	0.212248738422	0.114698049041	0.313082917214	0.214558442617
KKYDSA	670.0	8.0	3.0	0.0121109668093	0.00355613269387	0.0078335497516	0.0123257604939	0.00357078517238	0.00791879493543
HEYDFV	588.0	138.0	206.0	0.238048467515	0.278241175968	0.258144821742	0.242270368892	0.279387624429	0.260953970018
KESENA	369.0	104.0	66.0	0.285871330377	0.142052563435	0.213961946906	0.290941392688	0.142637868403	0.216290294344
KGSDFV	714.0	49.0	98.0	0.0696083754114	0.109008250551	0.0893083129811	0.0708429126426	0.10945740169	0.0902801716912
EKFESA	459.0	7.0	18.0	0.0154685278692	0.0311452144431	0.0233068711561	0.0157428694761	0.0312735433399	0.0235604980021
KNSENA	354.0	43.0	42.0	0.123205139045	0.0942274708151	0.10871630493	0.125390240052	0.0946157201046	0.109899362636
KEYDSA	711.0	1868.0	2509.0	2.66483854077	2.80260934945	2.73372394511	2.7121007039	2.81415705501	2.76347250197
ENSENV	338.0	27.0	33.0	0.0810234428923	0.0775405264907	0.0792819846915	0.0824604317067	0.0778600198832	0.0801447362631
HGFDSA	602.0	168.0	163.0	0.283058642869	0.215041667496	0.249050155183	0.288078820846	0.215927712445	0.251760334723
KEFESV	439.0	33.0	47.0	0.0762452950325	0.0850285638042	0.0806369294183	0.0775975411504	0.0853789104621	0.0815144255841
HESESV	254.0	13.0	18.0	0.0519126579278	0.0562821001156	0.0540973790217	0.0528333532982	0.0565140015472	0.0546860701216
ENYENA	434.0	17.0	115.0	0.0397303893889	0.210445486992	0.12508793819	0.0404350265051	0.211312594111	0.126449153045
HGFDSV	507.0	586.0	677.0	1.17233919839	1.06050376635	1.11642148237	1.19313118469	1.06487340325	1.12857045155
KEYDSV	725.0	922.0	1343.0	1.2899014891	1.471192533	1.38054701105	1.31277849784	1.47725434757	1.39557021094
ENYENV	406.0	147.0	117.0	0.367244187516	0.228871298746	0.298057743131	0.373757435667	0.229814326489	0.301301226342
HESESA	274.0	16.0	13.0	0.0592288157828	0.0376811627295	0.0484549892562	0.060279266649	0.0378364219605	0.0489822795138
QKYENA	234.0	10.0	18.0	0.0433458747983	0.061092536023	0.0522192054106	0.0441146342463	0.0613442580898	0.0527874581065
QKSENV	229.0	45.0	45.0	0.199315310754	0.156066085473	0.177690698114	0.202850261404	0.156709130927	0.179624339529
KNYENA	420.0	62.0	77.0	0.149729036089	0.145603877521	0.147666456805	0.152384550868	0.146203815114	0.149273372527
QKYENV	244.0	118.0	27.0	0.490518973333	0.0878831153445	0.289201044339	0.49921855771	0.0882452237275	0.292348148394
QGSENA	218.0	22.0	44.0	0.102359891496	0.160297846813	0.131328869154	0.104175292248	0.160958328566	0.132757998214
KNYENV	444.0	96.0	27.0	0.219306696277	0.0482961264506	0.133801411364	0.223196203538	0.0484951229493	0.135257446785
HNFDFV	910.0	140.0	159.0	0.156045149274	0.138767331824	0.147406240549	0.158812683287	0.139339100519	0.149010324581
HNFDFA	998.0	139.0	187.0	0.141269331031	0.148813582236	0.145041456634	0.143774808968	0.149426744906	0.146619806938
KKSEFV	351.0	0.0	0.0	0.0	0.0	0.0	0.0	0.0	0.0
QKSENA	269.0	23.0	65.0	0.0867239770129	0.191907780444	0.139315878728	0.0882620674773	0.192698505895	0.140831922931
KEYENA	464.0	303.0	275.0	0.662351123912	0.470702190263	0.566526657088	0.674098232184	0.472641643687	0.572691636
HKYDSV	585.0	72.0	117.0	0.124836119419	0.15884059366	0.141838356539	0.127050146629	0.159495071034	0.143381850505
KGSDFA	710.0	314.0	277.0	0.448574858688	0.309851017209	0.379212937949	0.456530544491	0.311127708987	0.383339557123
HKYDSA	600.0	46.0	78.0	0.0777624993882	0.103246385879	0.0905044426335	0.079141653838	0.103671796172	0.0914893177021
KESDFA	725.0	1781.0	2536.0	2.4916643732	2.77806721049	2.63486579185	2.53585521113	2.78951379407	2.66353856804
QGYDSV	321.0	613.0	573.0	1.93695295104	1.4176894107	1.67732118087	1.97130572137	1.42353077418	1.69557389604
QEYDFA	425.0	1493.0	2324.0	3.56315329678	4.34288870194	3.95302099936	3.62634749402	4.36078288331	3.99603802388
QGYEFA	253.0	19.0	11.0	0.0761722368986	0.0345305638391	0.0553514003688	0.0775231872962	0.034672841529	0.0559537378083
QGYDSA	384.0	802.0	791.0	2.11839417491	1.63597538522	1.87718478006	2.15596489056	1.6427161613	1.89761242356
QEYDSA	338.0	3766.0	4687.0	11.3012698493	11.0131044746	11.157187162	11.501703178	11.0584822179	11.2786003783
KESDFV	739.0	358.0	241.0	0.491362736618	0.259002591827	0.375182664222	0.500077285533	0.260069770765	0.379265425702
QGYEFV	262.0	30.0	42.0	0.116140473696	0.127314979651	0.121727726674	0.118200279545	0.127839560752	0.123052375494
ENSEFV	393.0	6.0	18.0	0.0154853964928	0.0363757084717	0.0259305524823	0.0157600372727	0.0365255887863	0.0262127303944
KEYENV	394.0	292.0	465.0	0.751709881528	0.937320762078	0.844515321803	0.765041809336	0.941182843027	0.853705390946
HNSDSA	647.0	3050.0	3862.0	4.78144526176	4.7406674862	4.76105637398	4.8662464392	4.76020065171	4.81286649055
QGSDFV	429.0	227.0	355.0	0.536700740685	0.657207584489	0.596954162587	0.546219380396	0.659915503692	0.603450255538
EGFENV	445.0	116.0	27.0	0.264400095624	0.0481875958293	0.156293845727	0.269089355502	0.0483861451449	0.157994645241
QGSDFA	428.0	1406.0	1849.0	3.33200144676	3.43103104763	3.3815162472	3.39109605738	3.44516806473	3.41831412086
HNSDSV	624.0	2038.0	4190.0	3.31270848146	5.33286929034	4.3227888859	3.37146092228	5.35484252909	4.36982974795
EGFENA	528.0	12.0	105.0	0.0230521243246	0.157938090287	0.0904951073056	0.0234609645765	0.158588849039	0.0914798807866
EKSESV	305.0	27.0	27.0	0.0897899137626	0.0703064922756	0.0800482030191	0.0913823800553	0.070596178982	0.080919292627
KKFDSA	647.0	5.0	8.0	0.00783843485534	0.009820129438	0.00882928214667	0.00797745317902	0.00986059171767	0.00892536295339
QNFEFA	353.0	36.0	42.0	0.103440693853	0.0944944041601	0.0989675490066	0.105275263142	0.0948837533059	0.100044520134
HEYENA	284.0	59.0	35.0	0.210715896995	0.0978771263748	0.154296511685	0.214453042396	0.0982804134888	0.155975576084
KKFDSV	633.0	5.0	9.0	0.00801179676367	0.0112919853313	0.00965189104747	0.00815388974222	0.0113385121588	0.00975692353628
EKSESA	360.0	8.0	35.0	0.0225398548951	0.0772141774735	0.0498770161843	0.0229396098081	0.0775323261968	0.0504197810289
HEYENV	293.0	25.0	145.0	0.0865438114574	0.393035598646	0.239789705052	0.0880787066011	0.394655039246	0.242399111788
QNFEFV	368.0	54.0	37.0	0.148836541835	0.0798519288778	0.114344235356	0.151476227809	0.0801809460358	0.115588536557
EEYENV	462.0	50.0	73.0	0.109772020593	0.125490945207	0.1176314829	0.111718878935	0.126008010665	0.118911556136
KKSEFA	351.0	0.0	0.0	0.0	0.0	0.0	0.0	0.0	0.0
EGSESV	345.0	75.0	11.0	0.220498580496	0.025322413482	0.122910496989	0.224409226384	0.0254267504546	0.124248016791
HKYDFV	631.0	7.0	8.0	0.0112520670237	0.0100691343049	0.0106606006643	0.0114516277172	0.0101106225695	0.010776609995
KESDSA	648.0	4904.0	6731.0	7.67607280595	8.24966077101	7.96286678848	7.81221156242	8.28365218461	8.04951920848
QEYENA	216.0	38.0	49.0	0.17844051792	0.180166414105	0.179303466012	0.181605244314	0.180908761126	0.181254657669
KESDSV	522.0	3141.0	4424.0	6.10324864014	6.73094622941	6.41709743478	6.21149262132	6.75868002157	6.48692869491
HKYDFA	740.0	12.0	10.0	0.0164480022208	0.0107324725446	0.0135902373827	0.0167397152654	0.0107766939888	0.0137381272054
EGSESA	381.0	15.0	7.0	0.0399328137906	0.0145916555855	0.0272622346881	0.0406410409986	0.0146517781789	0.0275589040502
ENFDNA	985.0	2360.0	2646.0	2.43018537042	2.1334629991	2.28182418476	2.47328584936	2.14225359367	2.30665513985
QESESV	157.0	29.0	54.0	0.187353570944	0.273165352154	0.230259461549	0.19067637452	0.274290886491	0.232765159572
QESEFA	260.0	9.0	37.0	0.0351101585867	0.113021191642	0.0740656751146	0.0357328537396	0.113486877466	0.0748716624754
EGYESA	406.0	6.0	25.0	0.0149895586741	0.0489041236637	0.0319468411689	0.0152554055374	0.0491056253182	0.032294488715
HGYEFV	354.0	5.0	3.0	0.0143261789588	0.00673053362965	0.0105283562942	0.0145802604713	0.00675826572175	0.0106429265333
ENSEFA	464.0	6.0	21.0	0.0131158638398	0.0359445308928	0.0245301973663	0.0133484798452	0.0360926346088	0.0247971365254
KGSEFV	431.0	14.0	7.0	0.0329468876657	0.0128988881162	0.022922887891	0.0335312161928	0.0129520359308	0.0231723362068
HGYEFA	336.0	6.0	5.0	0.0181123833979	0.0118184965521	0.014965439975	0.0184336150244	0.0118671927853	0.0151282948393
EGYESV	426.0	38.0	17.0	0.0904768823255	0.0316935456833	0.0610852140044	0.0920815323283	0.0318241338917	0.0617499471665
HNYDNA	714.0	3980.0	3873.0	5.65390477832	4.30805055493	4.98097766662	5.75417943506	4.32580119126	5.03518098061
EGYDNA	808.0	880.0	1164.0	1.10467605674	1.14412407809	1.12440006742	1.12426800545	1.14883825917	1.13663586007
KGSEFA	500.0	9.0	26.0	0.0182572824651	0.0412985543515	0.0297779184083	0.0185810839446	0.0414687184687	0.0301019635997
ENFDFV	925.0	72.0	137.0	0.0789504106597	0.117627899089	0.0982891548741	0.0803506332738	0.118112566117	0.0993587436737
KGSDNV	704.0	442.0	513.0	0.636814934466	0.578730287979	0.607772611223	0.648109146425	0.581114853978	0.614386431217
EEFDSA	857.0	1199.0	1215.0	1.41906402668	1.12597036929	1.27251719799	1.44423179369	1.13060975091	1.28636481062
QGSDSV	293.0	1961.0	2409.0	6.78849657072	6.52981211819	6.65915434446	6.90889374579	6.55671716927	6.73161968319
QNYDSA	399.0	1869.0	1925.0	4.75116415026	3.8316809874	4.29142256883	4.83542827797	3.84746881878	4.33812210063
KEFEFV	597.0	9.0	14.0	0.0152908563359	0.0186245252197	0.0169576907778	0.0155620468548	0.0187012646102	0.0171422254413
KGSDNA	689.0	606.0	725.0	0.892107174151	0.83569978522	0.863903479686	0.907929113885	0.839143153115	0.873304531989
QNYDSV	420.0	1420.0	1642.0	3.42927792333	3.10495541416	3.26711666874	3.49009777795	3.11774888854	3.30266963896
QGSDSA	356.0	1895.0	3447.0	5.39911833197	7.68993716777	6.54452774987	5.49487423142	7.72162232939	6.61574571475
KKFDFA	833.0	1.0	3.0	0.00121763922003	0.00286027479579	0.00203895700791	0.00123923462349	0.00287206010264	0.00206114506702
EKSENV	330.0	42.0	5.0	0.129091896218	0.0120333783076	0.0705626372626	0.131381401629	0.0120829599268	0.071330504344
HEFESV	289.0	18.0	14.0	0.0631739877684	0.0384735001944	0.0508237439814	0.0642944081127	0.0386320241257	0.0513768111777
QGYDNA	418.0	1012.0	1834.0	2.45565787542	3.48461302359	2.9701354495	2.4992101212	3.49897081669	3.00245665131
EGFDSV	772.0	905.0	950.0	1.18903573912	0.977322305549	1.08317902234	1.21012384641	0.981349206488	1.09496624497
HKFEFA	507.0	7.0	1.0	0.0140040518579	0.00156647528264	0.00778526357028	0.014252420295	0.00157292969461	0.00786998330083
HEFESA	357.0	5.0	16.0	0.0142057909003	0.0355945307921	0.0249001608462	0.014457737274	0.0357411923884	0.0251711259713
EKSENA	367.0	9.0	9.0	0.0248736818325	0.01947636707	0.0221750244512	0.0253148282623	0.0195566163392	0.0224163344697
KKFDFV	761.0	1.0	4.0	0.00133284293072	0.00417452282943	0.00275368288008	0.0013564815261	0.00419172328603	0.00278364863134
HKFEFV	500.0	8.0	2.0	0.0162286955245	0.00317681187319	0.00970275369885	0.0165165190618	0.00318990142066	0.00980833967825
KKYDFV	694.0	0.0	0.0	0.0	0.0	0.0	0.0	0.0	0.0
EGFDSA	875.0	1094.0	872.0	1.26815663599	0.791479986693	1.02981831134	1.29064798955	0.794741153949	1.04102485933
QGYDNV	442.0	1132.0	1034.0	2.59769277909	1.85793183082	2.22781230495	2.6437640806	1.86558714309	2.25205549935
KNSDNA	724.0	1010.0	883.0	1.4149674102	0.968620471005	1.1917939406	1.44006252179	0.97261151742	1.20476311764
QGFDNV	444.0	912.0	1272.0	2.08341361463	2.27528417945	2.17934889704	2.12036393361	2.28465912561	2.20306470957
HGSDFA	630.0	221.0	340.0	0.355807709416	0.428617474955	0.392212592185	0.362118126257	0.430383525011	0.396480674418
QGSESA	259.0	19.0	17.0	0.074407629094	0.0521291523594	0.0632683907267	0.0757272833434	0.0523439422311	0.063956881356
EESENV	351.0	21.0	11.0	0.0606842247177	0.0248895517131	0.0427868882154	0.0617604879449	0.0249921051477	0.043252497839
QESEFV	245.0	17.0	15.0	0.0703795469175	0.0486246715285	0.059502109223	0.0716277612376	0.0488250217449	0.0601496149387
KEYESV	397.0	77.0	147.0	0.196726945117	0.294075154508	0.245401049813	0.200215989886	0.295286844356	0.248071519557
QNSDNV	469.0	4627.0	7098.0	10.0066863262	12.0197285053	11.0132074157	10.1841596081	12.0692538827	11.1330538353
EGSEFV	454.0	12.0	2.0	0.0268095190383	0.0034986914903	0.0151541052643	0.0272849984502	0.00351310729148	0.0153190131962
HESDFA	562.0	117.0	241.0	0.211160740254	0.340574582491	0.275867661373	0.214905775159	0.341977865828	0.278869670711
HGSDFV	591.0	77.0	77.0	0.13214991068	0.103474836817	0.117812373748	0.134493651413	0.103901188406	0.11909441545
QGFDNA	440.0	1924.0	2434.0	4.43522872005	4.39338642009	4.41430757007	4.51388958452	4.41148866927	4.46234434423
EGSEFA	463.0	11.0	20.0	0.0240976850391	0.0343068236846	0.0292022543618	0.0245250688014	0.0344481794888	0.0295200351406
EESENA	411.0	2.0	8.0	0.00493573464857	0.0154589385557	0.0101973366021	0.00502327222075	0.0155226346505	0.0103083046639
EGYDSV	733.0	727.0	786.0	1.00599093164	0.851628285242	0.928809608443	1.0238326533	0.855137283985	0.938916973344
QKFDFA	608.0	37.0	46.0	0.0617250960533	0.0600877245752	0.0609064103143	0.0628198196225	0.0603353064764	0.0615691977233
QNSDSA	426.0	4239.0	4871.0	10.0929343205	9.08113300137	9.58703366092	10.2719372511	9.11855036389	9.69136036755
HGYESV	270.0	55.0	86.0	0.206615336539	0.252968352865	0.229791844702	0.210279756575	0.254010668682	0.232292454089
HGFESA	356.0	7.0	4.0	0.0199439727302	0.00892362885729	0.0144338007938	0.0202976884538	0.00896039724907	0.0145908703269
EKFENV	447.0	41.0	22.0	0.0930336292652	0.0390882892675	0.0660609592663	0.0946836243758	0.0392493463393	0.066779838803
QNSDSV	438.0	3250.0	5746.0	7.52615017903	10.4189275248	8.97253885189	7.6596299873	10.4618570566	9.07017858714
QKFDFV	531.0	9.0	9.0	0.0171914147505	0.0134610672593	0.0153262410049	0.0174963125655	0.0135165314435	0.0154930221288
EGYDSA	754.0	978.0	906.0	1.3156220344	0.954307545462	1.13496478993	1.33895520909	0.958239617747	1.14731554855
KEYDNA	854.0	2389.0	3627.0	2.83740878279	3.37303766513	3.10522322396	2.88773156021	3.38693572973	3.13901445947
HGFESV	323.0	23.0	22.0	0.0722252316299	0.0540943198222	0.0631597757261	0.0735061800352	0.0543172068535	0.0638470844001
HGYESA	312.0	4.0	10.0	0.0130037624395	0.0254552233429	0.0192294928912	0.0132343902739	0.0255601075374	0.019438749449
ENYDNV	791.0	1864.0	1799.0	2.3901934622	1.80628462701	2.09823904461	2.43258466587	1.8137271352	2.1210722146
EEFDFA	926.0	190.0	262.0	0.208116370792	0.224709695134	0.216413032963	0.211807412375	0.225635575652	0.218768053275
KGSDSV	598.0	544.0	545.0	0.922701752229	0.723813742011	0.82325774712	0.939066301175	0.726796101281	0.832216489991
HESDSA	492.0	1193.0	1679.0	2.45945550822	2.710298341	2.58487692461	2.5030751068	2.72146569375	2.61300571878
QGSESV	216.0	52.0	41.0	0.244181761364	0.150751489353	0.197466625358	0.248512439588	0.15137263686	0.199615469664
QNYESV	231.0	301.0	1184.0	1.32165512794	4.07071997604	2.69618755199	1.34509530238	4.08749272951	2.72552763545
QNYDNA	469.0	1727.0	3887.0	3.73493565709	6.58223227671	5.1585839669	3.80117649517	6.6093533167	5.21472000388
EKYENV	344.0	9.0	18.0	0.026536747769	0.0415571320621	0.0340469399156	0.0270073894543	0.0417283616075	0.034417440869
HESDSV	485.0	2112.0	5746.0	4.41688208089	9.40925825947	6.91307017018	4.49521755909	9.44802760987	6.98829863699
KGSDSA	578.0	357.0	587.0	0.626475378703	0.806569450504	0.716522414603	0.637586213784	0.809892791493	0.724319656835
EEFDFV	956.0	22.0	24.0	0.0233414815337	0.0199381498318	0.0216398156827	0.0237554536716	0.0200203018034	0.0218753015256
ENYDNA	855.0	1942.0	2837.0	2.30381043191	2.63526762697	2.46953902944	2.34466959196	2.64612582761	2.49641270934
QNYDNV	465.0	1431.0	2958.0	3.12140635693	5.0521556564	4.08678100667	3.17676596472	5.07297225932	4.13125361605
QNYESA	255.0	194.0	93.0	0.771658561704	0.289650494321	0.530654528012	0.785344288725	0.290843953061	0.536429144147
KNYEFA	528.0	6.0	10.0	0.0115260621623	0.0150417228844	0.0132838925234	0.0117304822883	0.0151036999084	0.013428448682
EEYDFV	842.0	54.0	47.0	0.0650496999943	0.0443319946675	0.0546908473309	0.0662033869759	0.0445146575925	0.0552859965904
KNFEFV	530.0	5.0	3.0	0.00956880632341	0.0044954884998	0.0070321474116	0.00973851359779	0.00451401144434	0.00710867168448
KNYEFV	511.0	13.0	8.0	0.0258039434709	0.0124337059616	0.0191188247163	0.0262615885278	0.0124849370672	0.019326876976
EEYDFA	898.0	270.0	391.0	0.304965742735	0.345805524059	0.325385633397	0.310374453417	0.347230360658	0.328926500438
KGYDSV	698.0	110.0	96.0	0.159845675832	0.109231353806	0.134538514819	0.162680613968	0.109681424206	0.136002571446
HKYESV	303.0	28.0	54.0	0.0937300896629	0.141541123063	0.117635606363	0.0953924368258	0.142124320723	0.118915724471
QNSDNA	498.0	4896.0	8976.0	9.97184905722	14.3147908503	12.1433199538	10.1487044838	14.3737726666	12.2754643295
HGFEFA	395.0	1.0	2.0	0.00256783157033	0.00402128085214	0.00329455621124	0.00261337326928	0.00403784989957	0.00333040778029
QKFESV	270.0	41.0	22.0	0.154022341783	0.0647128344539	0.109367588119	0.156754000355	0.0649794733839	0.11055773313
KESESA	325.0	29.0	47.0	0.0905061865789	0.114853967723	0.102680077151	0.0921113563064	0.115327205209	0.103797448245
QGSENV	206.0	192.0	251.0	0.94536090434	0.967693907975	0.956527406157	0.962127323991	0.971681136635	0.966936397886
HEFDFA	622.0	183.0	114.0	0.298417532253	0.145561315733	0.221989423993	0.303710107347	0.146161077956	0.224405126945
HGSESA	295.0	24.0	20.0	0.0825187908025	0.0538442690372	0.0681815299199	0.0839823003144	0.054066125774	0.0689234856406
ENFDFA	988.0	523.0	932.0	0.536918507042	0.749187415439	0.64305296124	0.546441008942	0.75227432289	0.650050704234
HKYESA	336.0	2.0	2.0	0.00603746113263	0.00472739862082	0.00538242987672	0.00614453834146	0.00474687711408	0.00544100181905
KKYDFA	738.0	0.0	3.0	0.0	0.00322846735081	0.0016142336754	0.0	0.00324176973645	0.00163179986835
HEFDFV	642.0	65.0	67.0	0.102693264125	0.0828841103987	0.0927886872619	0.104514577397	0.0832256211778	0.0937984196251
QKFESA	277.0	14.0	6.0	0.0512639299059	0.0172029523819	0.0342334411439	0.0521731197802	0.0172738344079	0.0346059716155
HGFEFV	377.0	6.0	2.0	0.016142601649	0.00421327834641	0.0101779399977	0.016428898271	0.00423063848895	0.0102886969845
KESESV	348.0	55.0	124.0	0.160305002487	0.282991862267	0.221648432377	0.163148086997	0.284157885174	0.224060424636
EESDFA	833.0	69.0	174.0	0.0840171061817	0.165895938156	0.124956522169	0.0855071890206	0.166579485953	0.126316306946
QKSDFA	508.0	89.0	108.0	0.177701021368	0.168846300347	0.173273660858	0.180852632444	0.169542004642	0.175159235794
QEYDSV	306.0	2057.0	3805.0	6.81830610578	9.87562841299	8.34696725939	6.93923196695	9.91631936735	8.43779948501
QNYENV	246.0	369.0	442.0	1.52144020542	1.42698256906	1.47421138724	1.54842366205	1.43286222351	1.49025384879
QKSDFV	487.0	10.0	36.0	0.0208273813199	0.0587090489913	0.0397682151556	0.0211967647097	0.0589509502793	0.040200975388
EESDFV	738.0	11.0	12.0	0.0151181953565	0.0129138694032	0.0140160323799	0.0153863236518	0.0129670789458	0.0141685557307
QEYESV	193.0	63.0	118.0	0.331090614651	0.485574871809	0.40833274323	0.336962662207	0.487575605749	0.412776245967
KGYDSA	738.0	140.0	120.0	0.192413395446	0.129138694032	0.160776044739	0.195825937386	0.129670789458	0.162525619826
KEYESA	460.0	62.0	21.0	0.136709119907	0.036257092031	0.0864831059692	0.139133720357	0.0364064836054	0.0874242205979
HKSDFA	723.0	50.0	86.0	0.0701447766446	0.0944695093688	0.0823071430067	0.0713888272036	0.0948587559396	0.0832028145424
EGFEFV	529.0	2.0	19.0	0.00383475792167	0.0285252483888	0.0161800031552	0.0039027691545	0.0286427821327	0.0163560749728
HGSENA	288.0	41.0	64.0	0.144395945422	0.176489548511	0.160442746966	0.146956875333	0.177216745593	0.162188695086
EGFEFA	586.0	6.0	8.0	0.0103852573749	0.010842361342	0.0106138093584	0.0105694447921	0.0108870355655	0.0107293095031
HGSENV	305.0	49.0	94.0	0.162952065717	0.244770750885	0.203861408301	0.165842097137	0.245779289789	0.206079841039
ENYDSA	772.0	1814.0	2515.0	2.38332688483	2.5873322089	2.48532954687	2.42559630652	2.59799289928	2.51237506018
EKYDFA	798.0	30.0	57.0	0.0381313334692	0.0567287834499	0.0474300584596	0.0388076105776	0.0569625253691	0.0479461953554
EGSDSV	650.0	1555.0	2219.0	2.42650207121	2.7112867487	2.56889440995	2.46953722511	2.72245817402	2.59684928139
EEYDSA	795.0	1043.0	1663.0	1.33070199938	1.66133275004	1.49601737471	1.35430262434	1.6681780071	1.5122971304
EESDSA	669.0	827.0	455.0	1.25384260078	0.540152990397	0.896997795589	1.2760800882	0.542378604784	0.906758982331
EEYDSV	657.0	878.0	913.0	1.35547894506	1.10366409445	1.22957151976	1.37951900079	1.10821156661	1.2429517948
EGSDSA	611.0	3223.0	1456.0	5.35035655436	1.89256877552	3.62146266494	5.44524764078	1.9003668038	3.6608716507
EKYDFV	747.0	3.0	3.0	0.00407346775213	0.00318957015381	0.00363151895297	0.00414571261592	0.00320271226975	0.00367103737189
ENYDSV	636.0	1609.0	1807.0	2.56603489573	2.25648547754	2.41126018663	2.61154472981	2.26578296665	2.43749967248
QGFENA	254.0	38.0	48.0	0.151744692404	0.150085600308	0.150915146356	0.154435955794	0.150704004126	0.152557414523
EESDSV	584.0	650.0	883.0	1.12892252685	1.20082400857	1.16487326771	1.14894449809	1.20577181269	1.17754949228
KNSEFV	462.0	76.0	36.0	0.166853471302	0.0618859455817	0.114369708442	0.169812695982	0.0621409367662	0.115614286843
HESDNA	510.0	644.0	1077.0	1.28079410757	1.67716979776	1.47898195267	1.30350959262	1.68408030885	1.49507632782
KESEFA	422.0	40.0	16.0	0.0961415611641	0.0301119608834	0.0631267610237	0.0978466769066	0.0302360324234	0.0638137104296
QESDFA	398.0	1197.0	1798.0	3.05052583901	3.58788175126	3.31920379513	3.10462834752	3.60266504671	3.35532358075
HESDNV	535.0	3080.0	3559.0	5.83929698779	5.2833053536	5.56130117069	5.94285966244	5.30507437204	5.62181960175
KNSEFA	394.0	24.0	42.0	0.0617843738242	0.0846612301232	0.0732228019737	0.0628801487126	0.0850100632411	0.0740196171357
QESDFV	400.0	401.0	396.0	1.01682920396	0.786260938615	0.901545071286	1.03486314747	0.789500601615	0.911355741769
KESEFV	436.0	11.0	32.0	0.0255899728741	0.0582901261136	0.0419400494939	0.026043823062	0.0585303012966	0.042396443765
KNFENA	456.0	39.0	36.0	0.0867487836425	0.0627002343393	0.0747245089909	0.0882873140641	0.062958580671	0.0755376658237
KNFDSV	772.0	170.0	160.0	0.223354779725	0.164601651461	0.193978215593	0.227316081648	0.165279866356	0.196089098803
HKFDNA	869.0	172.0	196.0	0.200757740953	0.179129783414	0.189943762183	0.20431827378	0.179867859163	0.192010742216
QGSEFV	250.0	13.0	60.0	0.0527432604546	0.190608712392	0.121675986423	0.053678686951	0.19139408524	0.123000072203
HNSEFA	500.0	12.0	31.0	0.0243430432867	0.0492405840345	0.0367918136606	0.0247747785927	0.0494434720203	0.0371921845037
EGFDNV	913.0	887.0	1152.0	0.985408880766	1.00210495014	0.993756915454	1.00288557009	1.00623396402	1.00457104106
HKSDFV	723.0	28.0	19.0	0.039281074921	0.0208711706745	0.0300761227977	0.0399777432341	0.0209571670099	0.0304034130681
KNFDSA	797.0	143.0	349.0	0.181987410603	0.347775201927	0.264881306265	0.185215042805	0.34920815427	0.267763761392
KNFENV	456.0	90.0	55.0	0.200189500713	0.0957920246851	0.147990762699	0.203739955532	0.0961867204697	0.149601207538
EGFDNA	955.0	1586.0	1061.0	1.68447062185	0.882355339649	1.28341298075	1.71434549948	0.885990944327	1.29737916198
HNSEFV	396.0	16.0	16.0	0.0409815543548	0.0320890088201	0.0365352815875	0.0417083814693	0.0322212264713	0.0369328608324
QGSEFA	277.0	40.0	14.0	0.14646837116	0.0401402222245	0.0933042966921	0.149066056515	0.0403056136186	0.0943196399497
HKFDNV	868.0	127.0	121.0	0.148404689776	0.110712625765	0.129558657771	0.151036716651	0.11116879951	0.130968523279
HGFDNV	656.0	927.0	895.0	1.4333079984	1.08355435461	1.25843117651	1.45872838894	1.08801896779	1.27212550416
ENFDSV	824.0	1837.0	1788.0	2.26123435061	1.72334333412	1.99228884237	2.30133840386	1.73044409592	2.01396905555
KEYDFA	984.0	834.0	1285.0	0.859675563226	1.03714513645	0.948410349836	0.874922313108	1.04141852784	0.958731011245
ENFDSA	798.0	1277.0	3004.0	1.62312376134	2.98970641199	2.30641508667	1.65191062359	3.0020250212	2.33151364151
HGFDNA	625.0	1273.0	2048.0	2.06591294027	2.60244428652	2.33417861339	2.10255287657	2.61316724381	2.35957929268
EKYDSA	681.0	76.0	78.0	0.11319574705	0.0909659787478	0.102080862899	0.115203326789	0.0913407895785	0.103191713305
QKYESV	212.0	63.0	29.0	0.301417399187	0.108640972079	0.205029185633	0.30676317833	0.109088609905	0.207260326198
ENSDNV	741.0	1518.0	4125.0	2.07786435612	4.42117037008	3.2495173631	2.1147162564	4.4393870986	3.28487881656
HEYEFV	320.0	3.0	5.0	0.00950900128389	0.0124094213797	0.0109592113318	0.0096776478878	0.0124605524245	0.0110784701626
QKYESA	247.0	27.0	20.0	0.11087418501	0.0643079326557	0.0875910588331	0.112840590756	0.0645729032523	0.088544230275
EKYDSV	578.0	39.0	63.0	0.0684384867491	0.0865653754374	0.0775019310932	0.0696522754554	0.0869220542829	0.0783453120089
KGYENA	451.0	48.0	5.0	0.107951411471	0.00880491095675	0.058378161214	0.109865980456	0.00884119019032	0.0590134360564
HNYENV	351.0	204.0	159.0	0.589503897257	0.35976715658	0.474635526919	0.59995902575	0.361249519862	0.479800540741
KEFESA	424.0	41.0	31.0	0.0980802648149	0.0580667264558	0.0780734956353	0.0998197643773	0.0583059811561	0.0789230963525
KGYDFV	856.0	20.0	30.0	0.0236984455673	0.0278342161787	0.025766330873	0.02411874863	0.0279489026344	0.0260467217151
KKYDSV	575.0	2.0	1.0	0.00352797728793	0.00138122255356	0.00245459992075	0.00359054762213	0.00138691366116	0.00248131103233
HNYENA	370.0	22.0	16.0	0.0603093414762	0.0343439121426	0.0473266268094	0.0613789559731	0.0344854207639	0.0478416381555
KGYENV	430.0	83.0	17.0	0.195782227984	0.0313987220025	0.113590474993	0.199254517751	0.0315280954368	0.114826573726
KGYDFA	860.0	65.0	79.0	0.0766617157771	0.0729558540646	0.0748087849208	0.0780213473125	0.0732564570444	0.0756228588496
QGFDSA	376.0	869.0	1446.0	2.34420485552	3.05430184085	2.69925334818	2.38578042965	3.06688660524	2.72862679383
ENSESA	348.0	42.0	12.0	0.122414729172	0.0273863092517	0.0749005192118	0.124585811889	0.0274991501782	0.0757155913989
KGSENV	372.0	69.0	77.0	0.188135079165	0.164391474621	0.176263276893	0.191471743156	0.165068823516	0.17818138502
QGFEFV	281.0	25.0	19.0	0.0902396325873	0.0537005565753	0.0719700945813	0.0918400748545	0.0539218211678	0.0727532777022
HGYDSA	535.0	255.0	223.0	0.483448289573	0.331041611085	0.407244950329	0.492022472052	0.332405615331	0.411676615634
EKYESV	371.0	28.0	9.0	0.0765504505873	0.0192663792849	0.0479084149361	0.0779081087823	0.0193457633329	0.0484297573374
HNYDFA	780.0	134.0	146.0	0.174250416689	0.148658504323	0.161454460506	0.17734082967	0.149271028019	0.163211418156
KEFENV	486.0	168.0	131.0	0.350619965035	0.214075285694	0.282347625365	0.356838374792	0.214957348821	0.285420150081
KNYESA	439.0	6.0	16.0	0.013862780915	0.028945894061	0.021404337488	0.0141086438455	0.0290651610084	0.0216372608423
EKYESA	335.0	38.0	30.0	0.115054184689	0.0711226538775	0.093088419283	0.117094724693	0.0714157034478	0.094101413349
HGYDSV	503.0	487.0	815.0	0.982029662081	1.28682985917	1.13442976063	0.999446419373	1.2921320367	1.14677469703
QGFEFA	264.0	4.0	35.0	0.015368082883	0.105292060191	0.0603300715371	0.0156406430509	0.105725899359	0.0609865871911
KGSENA	353.0	45.0	62.0	0.129300867316	0.139491739475	0.134396303395	0.131594078927	0.140066492976	0.135858812468
ENSESV	372.0	14.0	22.0	0.0381723349031	0.0469689927488	0.0425706638259	0.0388493391912	0.0471625210045	0.043033920482
QGFDSV	333.0	486.0	1023.0	1.48032019987	2.43984875847	1.96008447917	1.50657437388	2.44990176678	1.98141424244
KNYESV	400.0	28.0	46.0	0.0710005429197	0.0913333413543	0.081166942137	0.0722597708956	0.0917096658442	0.0820502059347
KEFENA	539.0	32.0	99.0	0.060217794154	0.145874014585	0.10304590437	0.0612857850161	0.146475065234	0.104167256418
HNYDFV	695.0	302.0	256.0	0.440743349676	0.292540949474	0.366642149575	0.448560139989	0.293746317874	0.370631972635
KEYDFV	875.0	77.0	129.0	0.0892578253847	0.117088209041	0.103173017213	0.0908408548401	0.117570652362	0.104295752511
QNYDFA	497.0	1403.0	2043.0	2.86328720081	3.26470153769	3.06399436925	2.91406894413	3.27815322053	3.09733694976
KNSDNV	646.0	639.0	590.0	1.00330267416	0.725355652161	0.864329163162	1.02109671831	0.728344364626	0.87373484778
KKFDNV	757.0	2.0	4.0	0.0026797713878	0.00419658107423	0.00343817623101	0.00272729839198	0.00421387241832	0.0034755906822
ENYDFA	881.0	456.0	879.0	0.524991852949	0.792400010368	0.658695931659	0.534302830037	0.795664968435	0.665863902446
QNYDFV	512.0	219.0	366.0	0.433848183577	0.56773102812	0.500789605848	0.44154268488	0.57007027342	0.506239230011
ENYDFV	804.0	107.0	87.0	0.134986817562	0.0859398734353	0.110463345499	0.137380872171	0.0862939749994	0.111665414611
KKFDNA	747.0	16.0	1.0	0.0217251613447	0.00106319005127	0.011394175698	0.0221104672849	0.00106757075658	0.0115181678386
HNFDNA	968.0	3381.0	5589.0	3.54269237915	4.58553759279	4.06411498597	3.60552369241	4.60443157028	4.10834094228
ENSENA	381.0	9.0	13.0	0.0239596882744	0.0270987889446	0.0255292386095	0.0243846245992	0.0272104451894	0.0258070493986
ENYESV	415.0	18.0	19.0	0.043993451723	0.0363610997534	0.0401772757382	0.0447736962519	0.0365109198751	0.0406144873938
EGYEFV	503.0	3.0	19.0	0.00604946403746	0.0299997145083	0.0180245892729	0.00615675412345	0.030123323555	0.0182207339933
EKSEFA	481.0	20.0	0.0	0.0421743646687	0.0	0.0210871823343	0.0429223468343	0.0	0.0213166543861
KKSESV	283.0	1.0	0.0	0.00358407586672	0.0	0.00179203793336	0.00364764113557	0.0	0.00181153900349
KKSESA	260.0	0.0	0.0	0.0	0.0	0.0	0.0	0.0	0.0
EKSEFV	426.0	0.0	0.0	0.0	0.0	0.0	0.0	0.0	0.0
EGYEFA	548.0	8.0	20.0	0.0148072039457	0.0289855097919	0.0218963568688	0.0150698166623	0.0291049399696	0.0221346344091
KGFENA	449.0	34.0	10.0	0.0768061870591	0.0176882621002	0.0472472245797	0.0781683808605	0.0177611437676	0.0477613718657
QEFENV	211.0	142.0	127.0	0.682605084265	0.478027379023	0.580316231644	0.694711406037	0.479997014721	0.586631269579
QEFENA	266.0	39.0	41.0	0.14871220053	0.122414743234	0.135563471882	0.151349681253	0.122919133691	0.137038682157
KGFENV	457.0	125.0	140.0	0.277432568458	0.243300690507	0.260366629482	0.282352965363	0.244303172261	0.263199955611
ENSDNA	687.0	1725.0	1766.0	2.54680674852	2.04157560701	2.29419117777	2.59197556238	2.04998759421	2.31915671126
HGFDFV	590.0	70.0	56.0	0.120339903254	0.0753819766521	0.0978609399529	0.122474187959	0.0756925760837	0.0989258688906
ENYESA	405.0	8.0	71.0	0.0200354265735	0.139230643825	0.0796330351993	0.0203907642739	0.139804321523	0.0804996069247
EKYEFV	429.0	23.0	1.0	0.0543793702016	0.00185128897039	0.028115329586	0.0553438138728	0.00185891691181	0.0284212823807
EEFDNV	921.0	574.0	849.0	0.632143813183	0.732115439832	0.682129626507	0.643355180612	0.735132004926	0.689552604244
EEYENA	434.0	24.0	133.0	0.0560899614902	0.243384780608	0.149737371049	0.0570847433013	0.244387608842	0.151366822591
EEFDNA	905.0	935.0	1086.0	1.04791645825	0.953043561958	1.0004800101	1.06650174882	0.9569704262	1.01136729684
EKYEFA	507.0	3.0	0.0	0.00600173651054	0.0	0.00300086825527	0.00610818012642	0.0	0.00303352389341
KNFDFV	889.0	8.0	24.0	0.00912750029499	0.0214408000441	0.0152841501695	0.00928938079968	0.0215291434466	0.0154504732583
EGYDNV	817.0	963.0	796.0	1.19555032054	0.773788938513	0.984669629526	1.21675396699	0.776977212622	0.995384866709
HNYESA	367.0	9.0	8.0	0.0248736818325	0.0173123262844	0.0210930040585	0.0253148282623	0.0173836589682	0.0213225394627
QNFDFA	620.0	1291.0	1411.0	2.11202075828	1.80745223914	1.95973649871	2.14947843839	1.81489955829	1.98106247523
HNYDNV	672.0	2597.0	2453.0	3.91982164036	2.89907720422	3.40944942229	3.98934151819	2.91102239021	3.44655126653
ENSDFA	769.0	342.0	331.0	0.451090203948	0.341848091686	0.396469147817	0.459090500581	0.343256622315	0.400783550158
QNFDFV	600.0	217.0	266.0	0.366836138418	0.352096649279	0.359466393849	0.373342149627	0.353547407457	0.363378129881
HNYESV	309.0	49.0	88.0	0.160842653863	0.226180780616	0.19351171724	0.163695273873	0.227112722507	0.195617523986
EEYDNV	880.0	1016.0	1728.0	1.17104791569	1.55952582866	1.36528687217	1.19181700049	1.56595160651	1.38014401026
QNSDFV	542.0	1001.0	563.0	1.87326155674	0.824974670022	1.34911811338	1.90648473027	0.828373846787	1.36379930201
HEFEFA	405.0	3.0	1.0	0.00751328496505	0.00196099498345	0.00473713997425	0.00764653660271	0.00196907495103	0.00478868983105
EEYESA	427.0	8.0	25.0	0.0190031563519	0.0464990028278	0.0327510795898	0.0193401862551	0.0466905945648	0.0331074789092
EEYDNA	906.0	1272.0	1790.0	1.42404116357	1.56912065481	1.49658090919	1.44929720244	1.57558596661	1.51286679729
EEYESV	400.0	17.0	41.0	0.0431074724869	0.0814058042506	0.0622566383688	0.043872003758	0.0817412239046	0.0629341190449
HEFEFV	395.0	9.0	4.0	0.023110484133	0.00804256170429	0.0155765229186	0.0235203594235	0.00807569979916	0.0157460276261
QNSDFA	580.0	2958.0	3312.0	5.17289669843	4.53517281208	4.85403475526	5.26464045096	4.55385926951	4.90685666846
HGYDNA	647.0	2528.0	2311.0	3.96311266286	2.8367898914	3.39995127713	4.03340032731	2.84847843244	3.43694976196
QGFESV	225.0	150.0	157.0	0.676195646854	0.554177182324	0.615186414589	0.688188294243	0.556460581161	0.62188091206
QKYDFA	490.0	19.0	37.0	0.0393297468068	0.0599704282185	0.0496500875126	0.0400272783386	0.0602175268188	0.050190382905
QGFDFA	471.0	230.0	220.0	0.495302543874	0.370965293048	0.433133918461	0.504086967121	0.372493796468	0.437847309155
QGFESA	246.0	77.0	14.0	0.317482102486	0.0451985429113	0.181340322699	0.323112796687	0.0453847763103	0.183313679559
HGYDNV	551.0	929.0	1069.0	1.71012456242	1.54084024158	1.625482402	1.74045442474	1.54718902844	1.6431710043
QGFDFV	457.0	71.0	88.0	0.157581698884	0.152931862605	0.155256780744	0.160376484326	0.153561993993	0.156946294851
QKYDFV	434.0	10.0	30.0	0.0233708172876	0.0548988226934	0.0391348199905	0.0237853097089	0.0551250245507	0.0395606875767
HKSDNA	798.0	315.0	516.0	0.400379001427	0.513544776494	0.45696188896	0.407479911065	0.515660755973	0.461934577136
KNFESV	453.0	14.0	22.0	0.0313468180661	0.0385705635818	0.034958690824	0.0319027686073	0.0387294874474	0.0353391135085
HKSDNV	715.0	199.0	245.0	0.282299860959	0.272139478648	0.277219669804	0.287306581582	0.273260786036	0.280236391783
KGYDNV	862.0	129.0	151.0	0.151791018174	0.139123721825	0.14545737	0.154483103174	0.139696958968	0.1470402463
KNFESA	468.0	19.0	61.0	0.0411785810584	0.103517908261	0.0723482446598	0.041908902534	0.103944437319	0.0731355428338
HKFDFA	894.0	10.0	5.0	0.0113455645445	0.00444185105312	0.00789370779883	0.0115467834604	0.0044601529931	0.00797960762633
HNSENA	426.0	14.0	36.0	0.0333335882252	0.0671157437999	0.0502246660125	0.0339247750683	0.0673922835352	0.0507712140045
EGFDFV	989.0	71.0	51.0	0.0728158103033	0.0409548547859	0.0568853325446	0.0741072328988	0.0411236027437	0.057504362331
QEFDSA	379.0	3563.0	5104.0	9.53542911507	10.6955460427	10.1154875789	9.70454442898	10.7396153371	10.2255649545
EKSDNA	664.0	424.0	499.0	0.647681372589	0.596848315031	0.62226484381	0.659168305932	0.599307533476	0.629036369195
QEFDSV	363.0	2082.0	3059.0	5.81751792046	6.69274622596	6.25513207321	5.92069433312	6.72032262108	6.32320081603
EGFDFA	1028.0	256.0	283.0	0.25258670077	0.218637587576	0.235612144173	0.257066444542	0.219538448941	0.238176090427
HNSENV	347.0	36.0	93.0	0.105229293747	0.212855550581	0.159042422164	0.107095584695	0.213732587984	0.160773131861
HKFDFV	808.0	8.0	18.0	0.0100425096067	0.0176926403829	0.0138675749948	0.0102206182313	0.0177655400904	0.0140184828229
KGYDNA	824.0	180.0	207.0	0.221568961955	0.199514580628	0.210541771291	0.225498591561	0.200336648688	0.212832900162
EKSDNV	625.0	257.0	374.0	0.41707747498	0.47525105623	0.446164265605	0.42447453989	0.477209252532	0.451019453361
HGSEFA	361.0	2.0	42.0	0.00561935440599	0.0924003453422	0.0490098498741	0.00571901629565	0.0927810662521	0.04954317816
KEFDNA	934.0	3600.0	3771.0	3.90948232657	3.2065732264	3.55802777648	3.97881883182	3.21978540079	3.59674645977
EKYDNV	762.0	75.0	98.0	0.0998320344765	0.102141589099	0.100986811788	0.101602602497	0.102562447253	0.102085756661
KEFDNV	908.0	1248.0	1378.0	1.39409498999	1.20529921841	1.2996971042	1.41881991941	1.21026546192	1.31384049029
HGSEFV	318.0	3.0	7.0	0.00956880632341	0.017482455277	0.0135256308002	0.00973851359779	0.0175544889502	0.01367281757
EKYDNA	724.0	85.0	125.0	0.11908141571	0.137120678228	0.128101046969	0.121193380547	0.137685662149	0.129495050664
KKSDNV	552.0	3.0	4.0	0.0055124645124	0.00575509397318	0.00563377924279	0.00561023065959	0.0057788069215	0.00569508638482
HEFDNA	650.0	2946.0	2767.0	4.59709009761	3.38086094351	3.98897552056	4.67862164963	3.39479124269	4.03238380446
KKYDNV	662.0	11.0	3.0	0.0168538189926	0.00359910710709	0.0102264630498	0.0171527293883	0.00361393665483	0.0103377480675
HESDFV	526.0	101.0	127.0	0.194759772811	0.191756229988	0.1932580014	0.198213928856	0.192546331	0.195361047194
KNSDSV	541.0	537.0	616.0	1.00679407309	0.904305043386	0.955549558237	1.02465003884	0.908031088323	0.965947908963
KGYESV	344.0	9.0	66.0	0.026536747769	0.152376150894	0.0894564493317	0.0270073894543	0.153003992561	0.090429920071
KKYESA	374.0	0.0	0.0	0.0	0.0	0.0	0.0	0.0	0.0
KKYDNA	774.0	4.0	14.0	0.0052418267198	0.0143654283672	0.00980362754348	0.00533479297863	0.0144246188273	0.00991031123843
HEFDNV	628.0	2450.0	2089.0	3.95703662769	2.64186305856	3.29944984312	4.0272165308	2.65274843462	3.33535466498
KKSDNA	615.0	4.0	3.0	0.00659703070102	0.00387416082097	0.00523559576099	0.00671403213896	0.00389012368374	0.00529256984518
KKYESV	342.0	1.0	0.0	0.00296577038094	0.0	0.00148288519047	0.00301836971159	0.0	0.0014990220409
KGYESA	414.0	41.0	2.0	0.100449353337	0.00383672931545	0.0521430413262	0.102230869797	0.00385253794766	0.0527104651997
KNSDSA	595.0	523.0	372.0	0.891555436903	0.49654370455	0.694049570726	0.907367591318	0.498589633819	0.701602262049
ENFDNV	891.0	1830.0	2301.0	2.08322901304	2.05102248042	2.06712574673	2.12017605803	2.05947339196	2.08962033984
KNYDSV	632.0	80.0	167.0	0.128391578517	0.209860594471	0.169126086494	0.130668663464	0.210725291634	0.170966527264
QKSDSA	454.0	271.0	447.0	0.605448304948	0.781957548082	0.693702926515	0.616186215	0.785179479646	0.701251845634
EEFEFA	577.0	14.0	6.0	0.0246102401801	0.00825860972234	0.0164344249512	0.0250467143485	0.00829263800867	0.0166132654029
QESDNA	376.0	4099.0	5821.0	11.0574173795	12.2953603151	11.6763888473	11.2535258701	12.3460213895	11.8034520492
ENSDSA	682.0	1182.0	1897.0	1.75791038398	2.20909535317	1.98350286857	1.78908775029	2.21819757881	2.00508747223
QNYENA	278.0	229.0	214.0	0.8355151248	0.611364874877	0.723439999839	0.850333377959	0.613883906495	0.731312519671
HNFENV	504.0	61.0	111.0	0.122761709697	0.17491374897	0.148837729334	0.124938946277	0.175634453221	0.150457390918
QESDNV	391.0	3345.0	7872.0	8.67726766775	15.9896822671	12.3334749674	8.83116308533	16.0555652068	12.467688622
EEFEFV	578.0	1.0	8.0	0.00175483299357	0.010992428627	0.00637363081027	0.00178595578091	0.0110377211788	0.00644298906384
QKSDSV	428.0	215.0	313.0	0.509516579697	0.580807310929	0.545161945313	0.518553095545	0.583200434971	0.55109443208
KNYDSA	686.0	109.0	203.0	0.161163248193	0.235019245721	0.198091246957	0.164021554094	0.2359876051	0.200246888435
HNFENA	487.0	15.0	17.0	0.0312410719799	0.0277237175792	0.0294823947796	0.0317951470646	0.027837948743	0.0298032240642
KNFEFA	563.0	10.0	2.0	0.0180158698096	0.00282132493179	0.0104185973707	0.0183353897223	0.00283294975193	0.0105319732062
ENSDSV	612.0	1493.0	2752.0	2.47441201165	3.57131792281	3.02286496723	2.51829687085	3.58603296964	3.05575997498
KEYEFV	479.0	28.0	20.0	0.059290641269	0.0331608755031	0.0462257583861	0.0603421886392	0.0332975096103	0.0467287900124
QNSENV	268.0	224.0	354.0	0.847767676653	1.04905914469	0.948413410673	0.862803234574	1.05338162585	0.95873410539
QNSENA	268.0	55.0	48.0	0.208157242035	0.142245307755	0.175201274895	0.211849008489	0.142831406896	0.177107826249
QGFENV	271.0	504.0	365.0	1.8863612879	1.06968296468	1.47802212629	1.91981679132	1.07409042301	1.49410605655
HKSEFA	460.0	3.0	5.0	0.00661495741488	0.00863264095977	0.00762379918732	0.00673227679151	0.00866821038225	0.00770676185224
HKYENA	346.0	12.0	27.0	0.0351778082178	0.0619753761389	0.0485765921784	0.0358017031687	0.0622307358078	0.0491052057267
HEFDSA	570.0	351.0	360.0	0.624591242226	0.501601874715	0.56309655847	0.635668661262	0.503668645369	0.569224210832
HGFDFA	639.0	39.0	51.0	0.0619052352754	0.0633870913665	0.062646163321	0.0630031536984	0.0636482677832	0.0633278828323
EGFESA	475.0	8.0	14.0	0.0170828373942	0.0234080874867	0.0202454624404	0.0173858095388	0.0235045367839	0.0204657748431
QKFENA	286.0	19.0	5.0	0.0673831326411	0.0138846672779	0.0406338999595	0.0685782041467	0.0139418768385	0.0410760806287
HESENV	235.0	23.0	38.0	0.0992712758147	0.128424309767	0.113847792791	0.101031898517	0.128953461686	0.115086691672
HEFDSV	560.0	2187.0	2203.0	3.96117824912	3.1243377485	3.54275799881	4.03143160583	3.1372110847	3.58131051541
HKYENV	314.0	34.0	21.0	0.109827955381	0.053115485141	0.0814717202609	0.111775805753	0.0533343390398	0.0823583006734
HKSEFV	437.0	4.0	7.0	0.00928415075772	0.0127217866775	0.0110029687176	0.00944880953194	0.0127742047738	0.0111227037191
HESENA	284.0	10.0	15.0	0.0357145588127	0.0419473398749	0.0388309493438	0.0363479732875	0.0421201772095	0.0392535101904
QKFENV	286.0	17.0	50.0	0.0602901713104	0.138846672779	0.0995684220449	0.0613594458154	0.139418768385	0.100651931911
EGFESV	446.0	42.0	12.0	0.0955164254525	0.02136868973	0.0584425575912	0.0972104541196	0.0214567360135	0.0590785331991
EKFDFA	955.0	37.0	36.0	0.0392972339271	0.0299385412133	0.0346178875702	0.0399941888277	0.0300618982052	0.0349946016121
EEFDSV	743.0	831.0	749.0	1.13442513298	0.800616451219	0.967520792099	1.15454469552	0.803915263822	0.978049414549
KGFDSV	729.0	76.0	122.0	0.105742529138	0.132911882212	0.119327205675	0.107617922557	0.133459524459	0.120625731874
KGYEFV	489.0	26.0	4.0	0.0539297141663	0.00649654779794	0.0302131309821	0.0548861829765	0.00652331578868	0.0305419121843
KGFDSA	802.0	126.0	145.0	0.159352839471	0.143590312224	0.151471575847	0.162179036923	0.144181953241	0.153119899115
KGYEFA	519.0	1.0	15.0	0.00195432267877	0.0229538430144	0.0124540828466	0.00198898350937	0.0230484206696	0.0125896089638
KGFESA	470.0	4.0	24.0	0.00863228485346	0.0405550451897	0.0245936650216	0.00878538247971	0.0407221457957	0.0248612948398
KNYDNV	770.0	88.0	227.0	0.115919253746	0.234135160784	0.175027207265	0.117975136156	0.235099877432	0.176931864404
HNYEFA	475.0	5.0	4.0	0.0106767733714	0.0066880249962	0.00868239918379	0.0108661309618	0.00671558193825	0.00877688160082
KNSESA	373.0	24.0	4.0	0.0652628506347	0.00851692191205	0.0368898862734	0.066420317943	0.00855201453262	0.0372913243489
KNYDNA	892.0	179.0	311.0	0.203540954238	0.276902604418	0.240221779328	0.20715084866	0.278043537508	0.242835887923
KNSESV	303.0	30.0	11.0	0.100425096067	0.0288324509943	0.0646287735309	0.102206182313	0.0289512505176	0.0653320679319
HNYEFV	457.0	44.0	12.0	0.0976562640971	0.0208543449006	0.0592553044989	0.0993882438076	0.0209402719081	0.05990012447
