ID	mut1	mut2	HK68	Bk79	Bei89	Mos99	Bris07	NDako16	epi_mean	epi_std	CI_pos	CI_neg	CI_zero	class
E156-E158	E156	E158	-0.842121267483	-0.488036300341	-0.996803257882	-13.2696302749	-0.179979030662	-0.2579019083	-2.67241200659	4.74819689066	0	5	1	neg
E156-G158	E156	G158	0.636676052137	0.660053324016	0.245366367601	-3.16783390009	0.277292697559	0.101325665633	-0.207853298857	1.33942420629	3	1	2	mix
E156-K158	E156	K158	2.59716520721	-0.677387173884	0.890659193463	26.9820289834	0.140764914283	0.254142657863	5.03122896372	9.86772598167	4	1	1	mix
E156-N158	E156	N158	-2.39171999187	0.505370150208	-0.139222303182	-10.5445648084	-0.23807858118	-0.0975664151967	-2.15096365827	3.86197889727	1	4	1	mix
H156-E158	H156	E158	-0.677408747779	0.328324064405	-0.391721220482	-12.4399443201	-0.000162258691441	-0.140841720785	-2.22029236724	4.58101129202	1	4	1	mix
H156-G158	H156	G158	0.29781388064	-0.196250953988	-0.10124119722	-3.64244174977	0.132866040712	-0.122841724207	-0.605349283972	1.36863046907	0	2	4	mix
H156-K158	H156	K158	1.83845941318	-0.828777810892	0.537259354473	26.6318561712	0.209007781402	0.351968919903	4.78996230488	9.79894849369	5	1	0	mix
H156-N158	H156	N158	-1.45886454604	0.696704700476	-0.0442969367707	-10.5494701013	-0.341711563423	-0.0882854749113	-1.96432065366	3.89187598671	1	4	1	mix
K156-E158	K156	E158	1.96240259297	-0.138592925025	1.80343479927	37.9227934573	0.0472747313029	0.525973413474	7.02054767821	13.8432367201	4	0	2	mix
K156-G158	K156	G158	0.637776532408	0.590256233927	-0.0766688205474	-10.6904167616	0.357836247312	-0.163343291683	-1.55742664337	4.09567477725	3	2	1	mix
K156-K158	K156	K158	-6.17443403306	2.49787585777	-2.17558076185	-80.1430122059	-0.510032984028	-0.955321734376	-14.5767509769	29.4343374749	1	5	0	mix
K156-N158	K156	N158	4.8498079725	-1.76902669882	0.295477142026	31.529801987	0.820594500036	0.266005029219	5.99877665533	11.5880543288	4	1	1	mix
Q156-E158	Q156	E158	-0.44287257771	0.298305160961	-0.414910320907	-12.2132188622	0.132866558051	-0.12722978439	-2.12784330437	4.51825050605	1	4	1	mix
Q156-G158	Q156	G158	-0.296713400369	0.126453863898	-0.220793990928	-3.88014111175	-0.0523224909593	-0.141827233109	-0.744224060537	1.40877667668	0	3	3	mix
Q156-K158	Q156	K158	1.73880941267	-0.991710872997	0.747662213909	26.5291270512	0.160260288343	0.34921015661	4.7555597083	9.77084158585	4	1	1	mix
Q156-N158	Q156	N158	-0.999223434595	0.566951848138	-0.111957902073	-10.4357670773	-0.240804355434	-0.0801531391107	-1.88349234339	3.85177019371	1	4	1	mix
E156-F159	E156	F159	-0.218625700537	-0.451341641111	-0.142849834821	0.36065731717	-0.76259513295	0.0581364676782	-0.192769754095	0.356827775167	2	4	0	mix
E156-S159	E156	S159	0.14736194349	0.232417623858	0.246358645221	-0.839414566688	0.985222356051	-0.0758838456689	0.116010359377	0.538007732149	3	2	1	mix
E156-Y159	E156	Y159	0.071263757047	0.218924017253	-0.1035088104	0.478757249519	-0.222627223101	0.0177473779907	0.076759394718	0.226367933544	2	1	3	mix
H156-F159	H156	F159	0.301627506872	-0.0558660925911	0.223304878683	-0.201117988316	1.0975133387	0.0499150345941	0.23589611299	0.419833075921	4	1	1	mix
H156-S159	H156	S159	-0.787835003895	-0.521606576193	-0.554085043767	0.0846954238857	-2.47761488787	-0.0564479047181	-0.718815665426	0.841479559824	0	5	1	mix
H156-Y159	H156	Y159	0.486207497023	0.577472668784	0.330780165084	0.116422564431	1.38010154917	0.006532870124	0.482919552436	0.446896211691	4	0	2	pos
K156-F159	K156	F159	0.0888434310338	0.852268708355	0.031727387408	-0.189509237635	-0.19185615575	-0.0953176818274	0.0826927419309	0.359638983867	1	1	4	mix
K156-S159	K156	S159	-0.393988740814	-0.148702096605	-0.185678920752	-0.904779760172	-1.54772239478	-0.0650345847523	-0.540984416312	0.528225298177	0	5	1	neg
K156-Y159	K156	Y159	-0.482832171848	-1.00097080496	-0.21740630816	-0.715270522537	-1.35586623903	0.0302830970751	-0.623677158243	0.465366883869	0	5	1	mix
Q156-F159	Q156	F159	-0.171845237369	-0.345060974653	-0.112182431269	0.0299699087812	-0.143062049998	-0.012733820445	-0.125819100825	0.120918139451	0	3	3	mix
Q156-S159	Q156	S159	0.246484319591	0.14048685573	0.122047477793	-0.150060617369	-0.0553298629605	0.0672971656347	0.0618208897366	0.130744164911	4	0	2	mix
Q156-Y159	Q156	Y159	-0.0746390822226	0.204574118923	-0.00986504652355	0.120090708588	0.198391912958	-0.0545633451897	0.0639982110888	0.11525518339	2	1	3	mix
E156-D190	E156	D190	-0.790636406565	-0.196473064123	-0.231924882075	0.670915524401	0.629882007078	0.0193588511651	0.0168536716469	0.510399551755	2	3	1	mix
E156-E190	E156	E190	0.790636406565	0.196473064123	0.231924882075	-0.670915524401	-0.629882007078	-0.0193588511651	-0.0168536716469	0.510399551755	3	2	1	mix
H156-D190	H156	D190	0.092101968782	-0.154849290494	-0.223008274151	0.704569925025	-0.138624673485	-0.00220665019289	0.0463305009139	0.312237922778	1	2	3	mix
H156-E190	H156	E190	-0.092101968782	0.154849290494	0.223008274151	-0.704569925025	0.138624673485	0.00220665019289	-0.0463305009139	0.312237922778	2	1	3	mix
K156-D190	K156	D190	0.435987344934	0.130657649601	0.15518886396	-1.00307106638	-0.142731437155	0.0151958099415	-0.068128805849	0.452796036628	2	1	3	mix
K156-E190	K156	E190	0.435987344934	0.130657649601	0.15518886396	-1.00307106638	-0.142731437155	0.0151958099415	-0.068128805849	0.452796036628	2	1	3	mix
Q156-D190	Q156	D190	0.262547092848	0.220664705016	0.299744292266	-0.372414383049	-0.348525896438	-0.0323480109136	0.00494463328823	0.279443792607	3	3	0	mix
Q156-E190	Q156	E190	-0.262547092848	-0.220664705016	-0.299744292266	0.372414383049	0.348525896438	0.0323480109136	-0.00494463328823	0.279443792607	3	3	0	mix
E156-F193	E156	F193	-0.125651130479	-0.190618165626	-0.0734776150332	-0.507643521569	0.0778199938605	-0.0772609027497	-0.149471890266	0.179442896775	0	2	4	mix
E156-N193	E156	N193	0.0932057566391	-0.0872113422554	-0.0766345102486	-0.0959757122108	-0.288158168502	-0.037940981902	-0.0821191597466	0.112094176611	0	2	4	mix
E156-S193	E156	S193	0.03244537384	0.277829507882	0.150112125282	0.60361923378	0.210338174641	0.115201884652	0.231591050013	0.182956690021	4	0	2	pos
H156-F193	H156	F193	-0.157020752968	-0.0380998839003	0.0920993155614	-0.329857958917	0.512454597284	0.0396373125345	0.0198687715991	0.259874295675	2	1	3	mix
H156-N193	H156	N193	0.252445569407	0.0800518285297	0.0978913830276	0.471453547418	-0.611680938422	0.018804037931	0.0514942379819	0.331809547283	2	1	3	mix
H156-S193	H156	S193	-0.0954248164395	-0.0419519446294	-0.189990698589	-0.141595588501	0.099226341138	-0.0584413504655	-0.071363009581	0.0910282198781	0	2	4	mix
K156-F193	K156	F193	0.475465426307	0.128897751218	-0.0500094699499	0.537987413656	-0.950433995435	-0.00419150909799	0.0229526027833	0.489011728353	2	1	3	mix
K156-N193	K156	N193	-0.414786154664	-0.0365788101789	0.0289309279672	-0.344914443373	1.38614205677	0.0154081327415	0.105700284878	0.598300432623	1	1	4	mix
K156-S193	K156	S193	0.0606792716432	0.0923189410395	-0.0210785419826	0.193072970284	0.435708061338	0.0112166236435	0.128652887661	0.153070883367	2	0	4	mix
Q156-F193	Q156	F193	-0.192793542861	0.0998202983082	0.0313877694217	0.29951406683	0.36015940429	0.0418150993132	0.106650515884	0.183050363844	2	1	3	mix
Q156-N193	Q156	N193	0.0691348286179	0.0437383239046	-0.0501878007463	-0.0305633918342	-0.486302949849	0.00372881122952	-0.0750753631128	0.188340208114	0	1	5	mix
Q156-S193	Q156	S193	0.123658714243	-0.143558622213	0.0188000313246	-0.268950674995	0.126143545558	-0.0455439105427	-0.0315751527709	0.141770332238	0	2	4	mix
E156-A196	E156	A196	0.10744693295	0.178222089462	-0.0397142716555	0.217950847596	0.569650128625	0.090273884512	0.187304935248	0.189094139946	4	0	2	mix
E156-V196	E156	V196	-0.10744693295	-0.178222089462	0.0397142716555	-0.217950847596	-0.569650128625	-0.090273884512	-0.187304935248	0.189094139946	0	4	2	mix
H156-A196	H156	A196	-0.253100652748	0.0201646714731	0.0615807475775	-0.605217319385	-0.202696331191	-0.0163607895701	-0.165938278974	0.227554810281	1	3	2	mix
H156-V196	H156	V196	0.253100652748	-0.0201646714731	-0.0615807475775	0.605217319385	0.202696331191	0.0163607895701	0.165938278974	0.227554810281	3	1	2	mix
K156-A196	K156	A196	0.130810097564	-0.173019942784	0.0136923841315	0.398765028258	-0.242343442889	-0.00327678189538	0.0207712237309	0.209125413158	2	2	2	mix
K156-V196	K156	V196	0.130810097564	-0.173019942784	0.0136923841315	0.398765028258	-0.242343442889	-0.00327678189538	0.0207712237309	0.209125413158	2	2	2	mix
Q156-A196	Q156	A196	0.0148436222337	-0.0253668181509	-0.0355588600534	-0.01149855647	-0.124610354544	-0.0706363130466	-0.0421378800053	0.0449519771641	0	2	4	mix
Q156-V196	Q156	V196	-0.0148436222337	0.0253668181509	0.0355588600534	0.01149855647	0.124610354544	0.0706363130466	0.0421378800053	0.0449519771641	2	0	4	mix
E158-F159	E158	F159	-0.118551741337	0.0422260508691	0.0456117607608	0.504218136141	-0.0776597506488	0.0434071294146	0.0732085975333	0.203269992669	2	0	4	mix
E158-S159	E158	S159	0.0144371763764	-0.241864850868	-0.225939335275	-1.26525114601	-0.197323914022	-0.098475142158	-0.335736201992	0.424840632972	0	4	2	mix
E158-Y159	E158	Y159	0.104114564961	0.199638799999	0.180327574514	0.761033009865	0.274983664671	0.0550680127434	0.262527604459	0.233633906138	5	0	1	pos
G158-F159	G158	F159	0.324566943873	-0.0341782030234	0.118571594657	0.224159793206	0.0585867495538	-0.00795599103339	0.113958481205	0.126751186024	1	0	5	mix
G158-S159	G158	S159	-0.471168354674	-0.064487052996	-0.0322847015841	-0.0100422628496	-0.0875996519235	0.00565148373226	-0.109988423382	0.164530780335	0	2	4	mix
G158-Y159	G158	Y159	-0.795735298547	-0.0303088499727	-0.150856296241	-0.234202056056	-0.146186401477	0.0136074747657	-0.223946904588	0.268441131913	0	1	5	mix
K158-F159	K158	F159	-0.748064697161	-0.0256189249346	-0.164185884295	-1.00574164723	-0.444719129247	-0.0426262953782	-0.405159429707	0.368193226018	0	4	2	neg
K158-S159	K158	S159	1.33769272493	0.211362543664	0.268745321847	1.7994127337	1.12245856206	0.107132522527	0.807800734788	0.645541713549	6	0	0	pos
K158-Y159	K158	Y159	-0.589628027766	-0.185743618729	-0.104559437552	-0.793671086476	-0.677739432812	-0.0645062271484	-0.402641305081	0.292626052982	0	5	1	neg
N158-F159	N158	F159	0.542049494625	0.0175710770888	2.52887787088e-06	0.277363717879	0.463792130342	0.00717515699699	0.217992350968	0.224011778685	3	0	3	pos
N158-S159	N158	S159	-1.82329825598	-0.0339847457914	-0.0750906881562	-0.544203850545	-1.01273429996	-0.00300589663637	-0.582052956178	0.660844645202	0	3	3	neg
N158-Y159	N158	Y159	1.28124876135	0.0164136687026	0.0750881592784	0.266840132667	0.548942169618	-0.00416926036062	0.36406060521	0.451815564837	4	0	2	mix
E158-D190	E158	D190	-0.288402858735	-0.045052777831	-0.0974031880819	1.05301348272	-0.0956916029426	0.0653322300212	0.0986325475249	0.439428728411	2	2	2	mix
E158-E190	E158	E190	0.288402858735	0.045052777831	0.0974031880819	-1.05301348272	0.0956916029426	-0.0653322300212	-0.0986325475249	0.439428728411	2	2	2	mix
G158-D190	G158	D190	0.0243267409352	-0.0688053794272	0.0255919949088	-0.159060028238	-0.264544957226	0.00268094290877	-0.0733017810231	0.107263949047	0	2	4	mix
G158-E190	G158	E190	0.0243267409352	-0.0688053794272	0.0255919949088	-0.159060028238	-0.264544957226	0.00268094290877	-0.0733017810231	0.107263949047	0	2	4	mix
K158-D190	K158	D190	-0.110345860501	0.0495268782024	0.0264383334879	-1.16672784323	-0.109353169547	-0.104149095036	-0.235768459437	0.421478848248	0	2	4	mix
K158-E190	K158	E190	0.110345860501	-0.0495268782024	-0.0264383334879	1.16672784323	0.109353169547	0.104149095036	0.235768459437	0.421478848248	2	0	4	mix
N158-D190	N158	D190	0.374421978301	0.0643312790558	0.0453728596852	0.272774388744	0.469589729716	0.0361359221057	0.210437692935	0.171712491453	5	0	1	pos
N158-E190	N158	E190	-0.374421978301	-0.0643312790558	-0.0453728596852	-0.272774388744	-0.469589729716	-0.0361359221057	-0.210437692935	0.171712491453	0	5	1	neg
E158-F193	E158	F193	-0.00431329414121	0.00539657767266	-0.0284249506457	0.0659297863666	0.310308416703	0.00965811601367	0.0597591086615	0.115585558772	1	0	5	mix
E158-N193	E158	N193	0.105573086135	-0.0866142803918	-0.013211582265	0.00917180336573	-0.318348159726	-0.0164194567517	-0.0533080982722	0.13132085851	0	2	4	mix
E158-S193	E158	S193	-0.101259791994	0.0812177027192	0.0416365329107	-0.0751015897323	0.00803974302229	0.00676134073798	-0.00645101038935	0.0633566233698	0	0	6	mix
G158-F193	G158	F193	0.374351511854	-0.0494228018586	0.0165925046492	0.266888298876	-0.130493415506	0.0122789985101	0.0816991827542	0.178520358119	1	0	5	mix
G158-N193	G158	N193	-0.470289634764	0.0672997448937	-0.0125164427876	-0.10169014871	0.144809738898	0.00506871220767	-0.0612196717105	0.197782543471	0	1	5	mix
G158-S193	G158	S193	-0.09593812291	0.0178769430351	0.00407606186154	0.165198150166	0.0143163233917	0.0173477107177	0.0204795110437	0.0761798196872	1	0	5	mix
K158-F193	K158	F193	-0.339667045428	0.0172263424513	-0.0427714831185	-0.707000270941	-0.421899095352	-0.073830885026	-0.261323739569	0.25529672167	0	4	2	mix
K158-N193	K158	N193	-0.0321810035279	0.0274468289669	0.037332264248	0.0758686925617	0.254375814139	0.0222280741257	0.0641784450855	0.090762149866	1	0	5	mix
K158-S193	K158	S193	0.371848048956	-0.0446731714182	0.00543921887051	0.63113157838	0.167523281213	0.0516028109003	0.197145294484	0.236696928267	2	0	4	mix
N158-F193	N158	F193	-0.0303711722844	0.0267998817347	0.0546039291151	0.374182185698	0.242084094154	0.0518937705023	0.119865448153	0.141259723576	3	0	3	mix
N158-N193	N158	N193	0.396897552157	-0.00813229346878	-0.0116042391954	0.0166496527828	-0.0808373933107	-0.0108773295817	0.0503493248972	0.157822866827	1	0	5	mix
N158-S193	N158	S193	-0.366526379872	-0.0186675882659	-0.0429996899197	-0.390831838481	-0.161246700844	-0.0410164409205	-0.170214773051	0.15445225717	0	2	4	neg
E158-A196	E158	A196	-0.0602298044789	0.0906816320605	0.0688735822073	-0.0730975889379	0.140053222579	0.019931204135	0.0310353745942	0.0776429936431	3	0	3	mix
E158-V196	E158	V196	0.0602298044789	-0.0906816320605	-0.0688735822073	0.0730975889379	-0.140053222579	-0.019931204135	-0.0310353745942	0.0776429936431	0	3	3	mix
G158-A196	G158	A196	-0.0489347079764	0.0167538306739	0.0213433701502	-0.0337497807474	-0.187934652969	-0.0143482036414	-0.041145024085	0.0702824187705	0	1	5	mix
G158-V196	G158	V196	-0.0489347079764	0.0167538306739	0.0213433701502	-0.0337497807474	-0.187934652969	-0.0143482036414	-0.041145024085	0.0702824187705	0	1	5	mix
K158-A196	K158	A196	0.0645508538623	-0.104604955543	-0.0606761096837	0.267041446791	0.187523611657	0.057005800159	0.0684734412072	0.12934761132	3	0	3	mix
K158-V196	K158	V196	-0.0645508538623	0.104604955543	0.0606761096837	-0.267041446791	-0.187523611657	-0.057005800159	-0.0684734412072	0.12934761132	0	3	3	mix
N158-A196	N158	A196	0.0446136585929	-0.00283050719178	-0.0295408426738	-0.160194077106	-0.139642181267	-0.0625888006526	-0.0583637917165	0.0724712560087	0	3	3	mix
N158-V196	N158	V196	-0.0446136585929	0.00283050719178	0.0295408426738	0.160194077106	0.139642181267	0.0625888006526	0.0583637917165	0.0724712560087	3	0	3	mix
F159-D190	F159	D190	-0.0732813530457	-0.14080031475	-0.0457972246748	-0.0142487458009	0.72350004299	0.0189425569276	0.0780524936077	0.292903078396	1	2	3	mix
F159-E190	F159	E190	0.0732813530457	0.14080031475	0.0457972246748	0.0142487458009	-0.72350004299	-0.0189425569276	-0.0780524936077	0.292903078396	2	1	3	mix
S159-D190	S159	D190	-0.0685079638599	0.271718416531	0.112141731825	0.638899758192	-0.904039720544	0.0771680136972	0.0212300393069	0.469011609536	4	1	1	mix
S159-E190	S159	E190	-0.0685079638599	0.271718416531	0.112141731825	0.638899758192	-0.904039720544	0.0771680136972	0.0212300393069	0.469011609536	4	1	1	mix
Y159-D190	Y159	D190	0.141789316906	-0.130918101782	-0.0663445071501	-0.624651012391	0.180539677554	-0.0961105706248	-0.0992825329146	0.262844671995	1	4	1	mix
Y159-E190	Y159	E190	-0.141789316906	0.130918101782	0.0663445071501	0.624651012391	-0.180539677554	0.0961105706248	0.0992825329146	0.262844671995	4	1	1	mix
F159-F193	F159	F193	-0.37038138357	-0.195421401288	-0.0797994235282	-0.365001244694	0.291310416195	-0.134128495433	-0.142236922053	0.222272321676	1	5	0	mix
F159-N193	F159	N193	0.23059353623	0.113656489479	0.0539517841027	0.239617668996	-0.374985388007	0.139805927289	0.0671066696816	0.207989786081	4	1	1	mix
F159-S193	F159	S193	0.139787847341	0.081764911809	0.0258476394255	0.125383575697	0.0836749718121	-0.00567743185601	0.0751302523715	0.0512862713886	0	0	6	mix
S159-F193	S159	F193	0.689892751215	0.327185144295	0.125007175836	0.498096398741	-0.483651209737	0.312112068681	0.244773721505	0.369363491007	5	1	0	mix
S159-N193	S159	N193	-0.421098425056	-0.208855897612	-0.115834349407	-0.496815283348	0.694580274854	-0.287624087309	-0.13927462798	0.39369457994	1	5	0	mix
S159-S193	S159	S193	0.268794326159	0.118329246683	0.00917282642927	0.00128111539255	0.210929065117	0.0244879813723	0.105499093526	0.103801382242	3	0	3	pos
Y159-F193	Y159	F193	-0.319511367645	-0.131763743008	-0.0452077523082	-0.133095154047	0.192340793542	-0.177983573248	-0.102536799452	0.155347792968	1	4	1	mix
Y159-N193	Y159	N193	0.190504888827	0.0951994081334	0.0618825653044	0.257197614352	-0.319594886847	0.147818160019	0.0721679582982	0.186224291109	4	1	1	mix
Y159-S193	Y159	S193	0.129006478818	0.0365643348742	-0.0166748129963	-0.124102460305	0.127254093305	0.0301654132283	0.0303688411541	0.0868226636541	0	0	6	mix
F159-A196	F159	A196	-0.0642214731097	-0.00142413568249	0.0112830257632	0.0487427911696	0.16887114692	-0.00135622330833	0.0269825219588	0.071624666129	1	0	5	mix
F159-V196	F159	V196	0.0642214731097	0.00142413568249	-0.0112830257632	-0.0487427911696	-0.16887114692	0.00135622330833	-0.0269825219588	0.071624666129	0	1	5	mix
S159-A196	S159	A196	0.122260636417	0.0181583140702	-0.0366969478324	-0.109993565711	-0.473689181559	0.0255015429606	-0.0757432002758	0.191194583761	2	3	1	mix
S159-V196	S159	V196	0.122260636417	0.0181583140702	-0.0366969478324	-0.109993565711	-0.473689181559	0.0255015429606	-0.0757432002758	0.191194583761	2	3	1	mix
Y159-A196	Y159	A196	-0.0580391633068	-0.0167341783877	0.0254139220692	0.061250774541	0.304818034639	-0.0241453196523	0.0487606783171	0.12060784263	1	1	4	mix
Y159-V196	Y159	V196	0.0580391633068	0.0167341783877	-0.0254139220692	-0.061250774541	-0.304818034639	0.0241453196523	-0.0487606783171	0.12060784263	1	1	4	mix
D190-F193	D190	F193	-0.181257882331	-0.214004184802	-0.0646925952821	0.147644276477	0.609586096533	-0.0574815276661	0.0399656971549	0.279866625584	1	4	1	mix
D190-N193	D190	N193	0.186949084055	0.24524984818	0.102783845093	-0.394151841907	-1.0268871918	0.00367830789089	-0.147062991415	0.444552834378	3	2	1	mix
D190-S193	D190	S193	-0.00569120172353	-0.0312456633781	-0.0380912498113	0.24650756543	0.417301095267	0.0538032197752	0.10709729426	0.169037280072	3	0	3	mix
E190-F193	E190	F193	0.181257882331	0.214004184802	0.0646925952821	-0.147644276477	-0.609586096533	0.0574815276661	-0.0399656971549	0.279866625584	4	1	1	mix
E190-N193	E190	N193	-0.186949084055	-0.24524984818	-0.102783845093	0.394151841907	1.0268871918	-0.00367830789089	0.147062991415	0.444552834378	2	3	1	mix
E190-S193	E190	S193	-0.00569120172353	-0.0312456633781	-0.0380912498113	0.24650756543	0.417301095267	0.0538032197752	0.10709729426	0.169037280072	3	0	3	mix
D190-A196	D190	A196	0.199682594978	0.127014767179	0.159169722643	0.645058430244	0.625044394431	0.00652822880602	0.293749689713	0.248472366134	5	0	1	pos
D190-V196	D190	V196	-0.199682594978	-0.127014767179	-0.159169722643	-0.645058430244	-0.625044394431	-0.00652822880602	-0.293749689713	0.248472366134	0	5	1	neg
E190-A196	E190	A196	-0.199682594978	-0.127014767179	-0.159169722643	-0.645058430244	-0.625044394431	-0.00652822880602	-0.293749689713	0.248472366134	0	5	1	neg
E190-V196	E190	V196	-0.199682594978	-0.127014767179	-0.159169722643	-0.645058430244	-0.625044394431	-0.00652822880602	-0.293749689713	0.248472366134	0	5	1	neg
F193-A196	F193	A196	0.227842648778	0.382972846293	0.292745935129	0.877450604178	1.17633750961	0.21487264051	0.528703697417	0.36673669235	6	0	0	pos
F193-V196	F193	V196	-0.227842648778	-0.382972846293	-0.292745935129	-0.877450604178	-1.17633750961	-0.21487264051	-0.528703697417	0.36673669235	0	6	0	neg
N193-A196	N193	A196	0.0726704331964	-0.172907119957	-0.0739117292474	-0.299678216603	-0.929382151152	-0.0944407616855	-0.249608257575	0.323855005641	0	5	1	mix
N193-V196	N193	V196	-0.0726704331964	0.172907119957	0.0739117292474	0.299678216603	0.929382151152	0.0944407616855	0.249608257575	0.323855005641	5	0	1	mix
S193-A196	S193	A196	-0.300513081974	-0.210065726336	-0.218834205882	-0.577772387575	-0.24695535846	-0.120431878824	-0.279095439842	0.14391563651	0	6	0	neg
S193-V196	S193	V196	-0.300513081974	-0.210065726336	-0.218834205882	-0.577772387575	-0.24695535846	-0.120431878824	-0.279095439842	0.14391563651	0	6	0	neg
E156-E156	E156	E156	0.16088333002	1.41877700834	0.892970485295	-0.83621152754	-1.39784536152	-0.229564275543	0.00150160984236	0.961085803837	3	3	0	mix
H156-H156	H156	H156	0.176597464205	0.1700352213	0.269264297112	-0.342811025574	-0.0539149178136	0.0450090330243	0.0440300120424	0.201420820446	3	1	2	mix
Q156-Q156	Q156	Q156	0.446356028788	0.374346489658	0.0707497542373	1.3214126543	0.935585110833	0.183431294636	0.555313555409	0.437651611819	5	0	1	pos
K156-K156	K156	K156	-0.783836823014	-1.9631587193	-1.23298453664	-0.142390101188	0.516175168502	0.00112394788341	-0.600845177294	0.827573424353	0	3	3	mix
E158-E158	E158	E158	1.52831569199	1.11637431455	1.44787906835	10.1872766483	-0.603597911093	0.116495058419	2.29879047841	3.60856100878	5	1	0	mix
K158-K158	K158	K158	-2.40070002233	-0.633567799449	-1.89100575327	-28.7736284151	0.332643936452	-0.469746838266	-5.63933414865	10.3857365324	0	5	1	mix
N158-N158	N158	N158	0.836479059333	-0.157117878515	0.305934876817	9.19298867872	-0.220304496047	0.194918301858	1.69214975703	3.3723217189	4	0	2	mix
G158-G158	G158	G158	0.0359052710142	-0.325688636591	0.137191808105	9.39336308806	0.491258470687	0.158333477989	1.64839391321	3.47190253774	3	1	2	mix
F159-F159	F159	F159	-0.344688768167	0.18616114742	-0.031517643293	-0.564645052944	-0.675682362435	-0.0940684873664	-0.254073527797	0.303138886601	1	4	1	mix
Y159-Y159	Y159	Y159	-0.821478977412	-0.603681683057	-0.388586889368	-0.0822235955197	0.370921679925	0.00533480105809	-0.253285777396	0.397850268651	1	3	2	mix
S159-S159	S159	S159	1.16616774558	0.417520535637	0.420104532661	0.646868648463	0.30476068251	0.0887336863083	0.507359305193	0.338001338392	5	0	1	pos
D190-D190	D190	D190	-0.194982617532	-0.304755869075	-0.216469264446	0.817481700447	1.50246542911	0.295898216311	0.316606265803	0.656956440554	3	3	0	mix
E190-E190	E190	E190	0.194982617532	0.304755869075	0.216469264446	-0.817481700447	-1.50246542911	-0.295898216311	-0.316606265803	0.656956440554	3	3	0	mix
F193-F193	F193	F193	-0.58925790828	-0.524508189631	-0.554449970102	-1.67845500268	-1.66707087468	-0.291390650106	-0.884188765914	0.565722967892	0	6	0	neg
N193-N193	N193	N193	0.175368652107	0.253974221466	0.115690823939	1.19898107203	1.96319423355	0.157200025633	0.644068171454	0.699535278711	5	0	1	pos
S193-S193	S193	S193	0.413889256174	0.270533968166	0.438759146163	0.479473930648	-0.296123358866	0.134190624474	0.24012059446	0.26666038041	5	0	1	mix
A196-A196	A196	A196	-0.262322933958	-0.213108312444	-0.0160147713842	-0.513345568208	-0.564916043105	0.0848820389444	-0.247470931692	0.236957290072	1	4	1	mix
V196-V196	V196	V196	0.262322933958	0.213108312444	0.0160147713842	0.513345568208	0.564916043105	-0.0848820389444	0.247470931692	0.236957290072	4	1	1	mix
