ID	mut1	mut2	strain	class
E156-E158	E156	E158	HK68	-1
E156-E158	E156	E158	Bk79	1
E156-E158	E156	E158	Bei89	-1
E156-E158	E156	E158	Mos99	-1
E156-E158	E156	E158	Bris07	1
E156-E158	E156	E158	NDako16	-1
E156-G158	E156	G158	HK68	1
E156-G158	E156	G158	Bk79	1
E156-G158	E156	G158	Bei89	1
E156-G158	E156	G158	Mos99	1
E156-G158	E156	G158	Bris07	1
E156-G158	E156	G158	NDako16	1
E156-K158	E156	K158	HK68	1
E156-K158	E156	K158	Bk79	-1
E156-K158	E156	K158	Bei89	-1
E156-K158	E156	K158	Mos99	1
E156-K158	E156	K158	Bris07	1
E156-K158	E156	K158	NDako16	1
E156-N158	E156	N158	HK68	-1
E156-N158	E156	N158	Bk79	1
E156-N158	E156	N158	Bei89	1
E156-N158	E156	N158	Mos99	1
E156-N158	E156	N158	Bris07	1
E156-N158	E156	N158	NDako16	-1
H156-E158	H156	E158	HK68	-1
H156-E158	H156	E158	Bk79	1
H156-E158	H156	E158	Bei89	1
H156-E158	H156	E158	Mos99	-1
H156-E158	H156	E158	Bris07	1
H156-E158	H156	E158	NDako16	-1
H156-G158	H156	G158	HK68	1
H156-G158	H156	G158	Bk79	-1
H156-G158	H156	G158	Bei89	-1
H156-G158	H156	G158	Mos99	1
H156-G158	H156	G158	Bris07	1
H156-G158	H156	G158	NDako16	-1
H156-K158	H156	K158	HK68	1
H156-K158	H156	K158	Bk79	-1
H156-K158	H156	K158	Bei89	-1
H156-K158	H156	K158	Mos99	1
H156-K158	H156	K158	Bris07	1
H156-K158	H156	K158	NDako16	1
H156-N158	H156	N158	HK68	-1
H156-N158	H156	N158	Bk79	1
H156-N158	H156	N158	Bei89	1
H156-N158	H156	N158	Mos99	1
H156-N158	H156	N158	Bris07	-1
H156-N158	H156	N158	NDako16	1
K156-E158	K156	E158	HK68	1
K156-E158	K156	E158	Bk79	-1
K156-E158	K156	E158	Bei89	1
K156-E158	K156	E158	Mos99	1
K156-E158	K156	E158	Bris07	1
K156-E158	K156	E158	NDako16	1
K156-G158	K156	G158	HK68	1
K156-G158	K156	G158	Bk79	1
K156-G158	K156	G158	Bei89	1
K156-G158	K156	G158	Mos99	1
K156-G158	K156	G158	Bris07	1
K156-G158	K156	G158	NDako16	-1
K156-K158	K156	K158	HK68	-1
K156-K158	K156	K158	Bk79	1
K156-K158	K156	K158	Bei89	1
K156-K158	K156	K158	Mos99	-1
K156-K158	K156	K158	Bris07	-1
K156-K158	K156	K158	NDako16	-1
K156-N158	K156	N158	HK68	1
K156-N158	K156	N158	Bk79	-1
K156-N158	K156	N158	Bei89	-1
K156-N158	K156	N158	Mos99	-1
K156-N158	K156	N158	Bris07	1
K156-N158	K156	N158	NDako16	1
Q156-E158	Q156	E158	HK68	1
Q156-E158	Q156	E158	Bk79	1
Q156-E158	Q156	E158	Bei89	1
Q156-E158	Q156	E158	Mos99	-1
Q156-E158	Q156	E158	Bris07	1
Q156-E158	Q156	E158	NDako16	-1
Q156-G158	Q156	G158	HK68	1
Q156-G158	Q156	G158	Bk79	-1
Q156-G158	Q156	G158	Bei89	-1
Q156-G158	Q156	G158	Mos99	1
Q156-G158	Q156	G158	Bris07	1
Q156-G158	Q156	G158	NDako16	-1
Q156-K158	Q156	K158	HK68	1
Q156-K158	Q156	K158	Bk79	-1
Q156-K158	Q156	K158	Bei89	-1
Q156-K158	Q156	K158	Mos99	1
Q156-K158	Q156	K158	Bris07	1
Q156-K158	Q156	K158	NDako16	1
Q156-N158	Q156	N158	HK68	-1
Q156-N158	Q156	N158	Bk79	1
Q156-N158	Q156	N158	Bei89	1
Q156-N158	Q156	N158	Mos99	1
Q156-N158	Q156	N158	Bris07	1
Q156-N158	Q156	N158	NDako16	1
E156-F159	E156	F159	HK68	1
E156-F159	E156	F159	Bk79	-1
E156-F159	E156	F159	Bei89	-1
E156-F159	E156	F159	Mos99	1
E156-F159	E156	F159	Bris07	-1
E156-F159	E156	F159	NDako16	1
E156-S159	E156	S159	HK68	1
E156-S159	E156	S159	Bk79	1
E156-S159	E156	S159	Bei89	1
E156-S159	E156	S159	Mos99	-1
E156-S159	E156	S159	Bris07	1
E156-S159	E156	S159	NDako16	-1
E156-Y159	E156	Y159	HK68	1
E156-Y159	E156	Y159	Bk79	-1
E156-Y159	E156	Y159	Bei89	-1
E156-Y159	E156	Y159	Mos99	1
E156-Y159	E156	Y159	Bris07	-1
E156-Y159	E156	Y159	NDako16	1
H156-F159	H156	F159	HK68	1
H156-F159	H156	F159	Bk79	1
H156-F159	H156	F159	Bei89	1
H156-F159	H156	F159	Mos99	-1
H156-F159	H156	F159	Bris07	1
H156-F159	H156	F159	NDako16	1
H156-S159	H156	S159	HK68	-1
H156-S159	H156	S159	Bk79	-1
H156-S159	H156	S159	Bei89	-1
H156-S159	H156	S159	Mos99	1
H156-S159	H156	S159	Bris07	-1
H156-S159	H156	S159	NDako16	-1
H156-Y159	H156	Y159	HK68	1
H156-Y159	H156	Y159	Bk79	1
H156-Y159	H156	Y159	Bei89	1
H156-Y159	H156	Y159	Mos99	1
H156-Y159	H156	Y159	Bris07	1
H156-Y159	H156	Y159	NDako16	1
K156-F159	K156	F159	HK68	1
K156-F159	K156	F159	Bk79	1
K156-F159	K156	F159	Bei89	1
K156-F159	K156	F159	Mos99	1
K156-F159	K156	F159	Bris07	1
K156-F159	K156	F159	NDako16	1
K156-S159	K156	S159	HK68	-1
K156-S159	K156	S159	Bk79	1
K156-S159	K156	S159	Bei89	1
K156-S159	K156	S159	Mos99	-1
K156-S159	K156	S159	Bris07	-1
K156-S159	K156	S159	NDako16	-1
K156-Y159	K156	Y159	HK68	1
K156-Y159	K156	Y159	Bk79	1
K156-Y159	K156	Y159	Bei89	1
K156-Y159	K156	Y159	Mos99	-1
K156-Y159	K156	Y159	Bris07	-1
K156-Y159	K156	Y159	NDako16	1
Q156-F159	Q156	F159	HK68	-1
Q156-F159	Q156	F159	Bk79	-1
Q156-F159	Q156	F159	Bei89	-1
Q156-F159	Q156	F159	Mos99	1
Q156-F159	Q156	F159	Bris07	1
Q156-F159	Q156	F159	NDako16	-1
Q156-S159	Q156	S159	HK68	1
Q156-S159	Q156	S159	Bk79	1
Q156-S159	Q156	S159	Bei89	1
Q156-S159	Q156	S159	Mos99	1
Q156-S159	Q156	S159	Bris07	-1
Q156-S159	Q156	S159	NDako16	1
Q156-Y159	Q156	Y159	HK68	-1
Q156-Y159	Q156	Y159	Bk79	-1
Q156-Y159	Q156	Y159	Bei89	1
Q156-Y159	Q156	Y159	Mos99	1
Q156-Y159	Q156	Y159	Bris07	1
Q156-Y159	Q156	Y159	NDako16	-1
E156-D190	E156	D190	HK68	-1
E156-D190	E156	D190	Bk79	-1
E156-D190	E156	D190	Bei89	-1
E156-D190	E156	D190	Mos99	1
E156-D190	E156	D190	Bris07	-1
E156-D190	E156	D190	NDako16	-1
E156-E190	E156	E190	HK68	1
E156-E190	E156	E190	Bk79	1
E156-E190	E156	E190	Bei89	1
E156-E190	E156	E190	Mos99	-1
E156-E190	E156	E190	Bris07	1
E156-E190	E156	E190	NDako16	1
H156-D190	H156	D190	HK68	1
H156-D190	H156	D190	Bk79	-1
H156-D190	H156	D190	Bei89	-1
H156-D190	H156	D190	Mos99	1
H156-D190	H156	D190	Bris07	1
H156-D190	H156	D190	NDako16	1
H156-E190	H156	E190	HK68	1
H156-E190	H156	E190	Bk79	1
H156-E190	H156	E190	Bei89	1
H156-E190	H156	E190	Mos99	-1
H156-E190	H156	E190	Bris07	-1
H156-E190	H156	E190	NDako16	-1
K156-D190	K156	D190	HK68	1
K156-D190	K156	D190	Bk79	1
K156-D190	K156	D190	Bei89	1
K156-D190	K156	D190	Mos99	-1
K156-D190	K156	D190	Bris07	-1
K156-D190	K156	D190	NDako16	1
K156-E190	K156	E190	HK68	1
K156-E190	K156	E190	Bk79	1
K156-E190	K156	E190	Bei89	1
K156-E190	K156	E190	Mos99	-1
K156-E190	K156	E190	Bris07	-1
K156-E190	K156	E190	NDako16	1
Q156-D190	Q156	D190	HK68	1
Q156-D190	Q156	D190	Bk79	1
Q156-D190	Q156	D190	Bei89	1
Q156-D190	Q156	D190	Mos99	1
Q156-D190	Q156	D190	Bris07	1
Q156-D190	Q156	D190	NDako16	1
Q156-E190	Q156	E190	HK68	-1
Q156-E190	Q156	E190	Bk79	-1
Q156-E190	Q156	E190	Bei89	-1
Q156-E190	Q156	E190	Mos99	-1
Q156-E190	Q156	E190	Bris07	-1
Q156-E190	Q156	E190	NDako16	-1
E156-F193	E156	F193	HK68	1
E156-F193	E156	F193	Bk79	-1
E156-F193	E156	F193	Bei89	-1
E156-F193	E156	F193	Mos99	-1
E156-F193	E156	F193	Bris07	1
E156-F193	E156	F193	NDako16	1
E156-N193	E156	N193	HK68	1
E156-N193	E156	N193	Bk79	1
E156-N193	E156	N193	Bei89	1
E156-N193	E156	N193	Mos99	1
E156-N193	E156	N193	Bris07	-1
E156-N193	E156	N193	NDako16	1
E156-S193	E156	S193	HK68	1
E156-S193	E156	S193	Bk79	1
E156-S193	E156	S193	Bei89	1
E156-S193	E156	S193	Mos99	1
E156-S193	E156	S193	Bris07	1
E156-S193	E156	S193	NDako16	1
H156-F193	H156	F193	HK68	-1
H156-F193	H156	F193	Bk79	-1
H156-F193	H156	F193	Bei89	1
H156-F193	H156	F193	Mos99	-1
H156-F193	H156	F193	Bris07	1
H156-F193	H156	F193	NDako16	1
H156-N193	H156	N193	HK68	1
H156-N193	H156	N193	Bk79	1
H156-N193	H156	N193	Bei89	1
H156-N193	H156	N193	Mos99	1
H156-N193	H156	N193	Bris07	-1
H156-N193	H156	N193	NDako16	1
H156-S193	H156	S193	HK68	1
H156-S193	H156	S193	Bk79	1
H156-S193	H156	S193	Bei89	-1
H156-S193	H156	S193	Mos99	1
H156-S193	H156	S193	Bris07	1
H156-S193	H156	S193	NDako16	1
K156-F193	K156	F193	HK68	1
K156-F193	K156	F193	Bk79	1
K156-F193	K156	F193	Bei89	1
K156-F193	K156	F193	Mos99	1
K156-F193	K156	F193	Bris07	-1
K156-F193	K156	F193	NDako16	1
K156-N193	K156	N193	HK68	-1
K156-N193	K156	N193	Bk79	-1
K156-N193	K156	N193	Bei89	-1
K156-N193	K156	N193	Mos99	-1
K156-N193	K156	N193	Bris07	1
K156-N193	K156	N193	NDako16	-1
K156-S193	K156	S193	HK68	1
K156-S193	K156	S193	Bk79	1
K156-S193	K156	S193	Bei89	1
K156-S193	K156	S193	Mos99	1
K156-S193	K156	S193	Bris07	1
K156-S193	K156	S193	NDako16	1
Q156-F193	Q156	F193	HK68	-1
Q156-F193	Q156	F193	Bk79	-1
Q156-F193	Q156	F193	Bei89	-1
Q156-F193	Q156	F193	Mos99	-1
Q156-F193	Q156	F193	Bris07	1
Q156-F193	Q156	F193	NDako16	-1
Q156-N193	Q156	N193	HK68	1
Q156-N193	Q156	N193	Bk79	1
Q156-N193	Q156	N193	Bei89	1
Q156-N193	Q156	N193	Mos99	1
Q156-N193	Q156	N193	Bris07	-1
Q156-N193	Q156	N193	NDako16	1
Q156-S193	Q156	S193	HK68	1
Q156-S193	Q156	S193	Bk79	1
Q156-S193	Q156	S193	Bei89	1
Q156-S193	Q156	S193	Mos99	1
Q156-S193	Q156	S193	Bris07	1
Q156-S193	Q156	S193	NDako16	1
E156-A196	E156	A196	HK68	1
E156-A196	E156	A196	Bk79	1
E156-A196	E156	A196	Bei89	1
E156-A196	E156	A196	Mos99	1
E156-A196	E156	A196	Bris07	1
E156-A196	E156	A196	NDako16	1
E156-V196	E156	V196	HK68	-1
E156-V196	E156	V196	Bk79	-1
E156-V196	E156	V196	Bei89	1
E156-V196	E156	V196	Mos99	-1
E156-V196	E156	V196	Bris07	-1
E156-V196	E156	V196	NDako16	-1
H156-A196	H156	A196	HK68	-1
H156-A196	H156	A196	Bk79	1
H156-A196	H156	A196	Bei89	1
H156-A196	H156	A196	Mos99	-1
H156-A196	H156	A196	Bris07	1
H156-A196	H156	A196	NDako16	1
H156-V196	H156	V196	HK68	1
H156-V196	H156	V196	Bk79	1
H156-V196	H156	V196	Bei89	-1
H156-V196	H156	V196	Mos99	1
H156-V196	H156	V196	Bris07	1
H156-V196	H156	V196	NDako16	1
K156-A196	K156	A196	HK68	1
K156-A196	K156	A196	Bk79	-1
K156-A196	K156	A196	Bei89	-1
K156-A196	K156	A196	Mos99	1
K156-A196	K156	A196	Bris07	-1
K156-A196	K156	A196	NDako16	1
K156-V196	K156	V196	HK68	1
K156-V196	K156	V196	Bk79	-1
K156-V196	K156	V196	Bei89	-1
K156-V196	K156	V196	Mos99	1
K156-V196	K156	V196	Bris07	-1
K156-V196	K156	V196	NDako16	1
Q156-A196	Q156	A196	HK68	1
Q156-A196	Q156	A196	Bk79	1
Q156-A196	Q156	A196	Bei89	1
Q156-A196	Q156	A196	Mos99	1
Q156-A196	Q156	A196	Bris07	1
Q156-A196	Q156	A196	NDako16	1
Q156-V196	Q156	V196	HK68	1
Q156-V196	Q156	V196	Bk79	1
Q156-V196	Q156	V196	Bei89	1
Q156-V196	Q156	V196	Mos99	1
Q156-V196	Q156	V196	Bris07	1
Q156-V196	Q156	V196	NDako16	1
E158-F159	E158	F159	HK68	-1
E158-F159	E158	F159	Bk79	-1
E158-F159	E158	F159	Bei89	1
E158-F159	E158	F159	Mos99	1
E158-F159	E158	F159	Bris07	-1
E158-F159	E158	F159	NDako16	1
E158-S159	E158	S159	HK68	1
E158-S159	E158	S159	Bk79	1
E158-S159	E158	S159	Bei89	1
E158-S159	E158	S159	Mos99	-1
E158-S159	E158	S159	Bris07	1
E158-S159	E158	S159	NDako16	1
E158-Y159	E158	Y159	HK68	1
E158-Y159	E158	Y159	Bk79	1
E158-Y159	E158	Y159	Bei89	1
E158-Y159	E158	Y159	Mos99	1
E158-Y159	E158	Y159	Bris07	1
E158-Y159	E158	Y159	NDako16	1
G158-F159	G158	F159	HK68	1
G158-F159	G158	F159	Bk79	1
G158-F159	G158	F159	Bei89	1
G158-F159	G158	F159	Mos99	1
G158-F159	G158	F159	Bris07	1
G158-F159	G158	F159	NDako16	1
G158-S159	G158	S159	HK68	-1
G158-S159	G158	S159	Bk79	-1
G158-S159	G158	S159	Bei89	-1
G158-S159	G158	S159	Mos99	-1
G158-S159	G158	S159	Bris07	1
G158-S159	G158	S159	NDako16	1
G158-Y159	G158	Y159	HK68	-1
G158-Y159	G158	Y159	Bk79	1
G158-Y159	G158	Y159	Bei89	-1
G158-Y159	G158	Y159	Mos99	1
G158-Y159	G158	Y159	Bris07	1
G158-Y159	G158	Y159	NDako16	1
K158-F159	K158	F159	HK68	-1
K158-F159	K158	F159	Bk79	1
K158-F159	K158	F159	Bei89	1
K158-F159	K158	F159	Mos99	-1
K158-F159	K158	F159	Bris07	-1
K158-F159	K158	F159	NDako16	1
K158-S159	K158	S159	HK68	1
K158-S159	K158	S159	Bk79	-1
K158-S159	K158	S159	Bei89	1
K158-S159	K158	S159	Mos99	1
K158-S159	K158	S159	Bris07	1
K158-S159	K158	S159	NDako16	1
K158-Y159	K158	Y159	HK68	-1
K158-Y159	K158	Y159	Bk79	1
K158-Y159	K158	Y159	Bei89	1
K158-Y159	K158	Y159	Mos99	-1
K158-Y159	K158	Y159	Bris07	-1
K158-Y159	K158	Y159	NDako16	1
N158-F159	N158	F159	HK68	1
N158-F159	N158	F159	Bk79	1
N158-F159	N158	F159	Bei89	1
N158-F159	N158	F159	Mos99	1
N158-F159	N158	F159	Bris07	1
N158-F159	N158	F159	NDako16	1
N158-S159	N158	S159	HK68	-1
N158-S159	N158	S159	Bk79	1
N158-S159	N158	S159	Bei89	1
N158-S159	N158	S159	Mos99	-1
N158-S159	N158	S159	Bris07	-1
N158-S159	N158	S159	NDako16	1
N158-Y159	N158	Y159	HK68	1
N158-Y159	N158	Y159	Bk79	-1
N158-Y159	N158	Y159	Bei89	1
N158-Y159	N158	Y159	Mos99	1
N158-Y159	N158	Y159	Bris07	1
N158-Y159	N158	Y159	NDako16	-1
E158-D190	E158	D190	HK68	-1
E158-D190	E158	D190	Bk79	-1
E158-D190	E158	D190	Bei89	-1
E158-D190	E158	D190	Mos99	1
E158-D190	E158	D190	Bris07	-1
E158-D190	E158	D190	NDako16	1
E158-E190	E158	E190	HK68	1
E158-E190	E158	E190	Bk79	1
E158-E190	E158	E190	Bei89	1
E158-E190	E158	E190	Mos99	-1
E158-E190	E158	E190	Bris07	1
E158-E190	E158	E190	NDako16	-1
G158-D190	G158	D190	HK68	1
G158-D190	G158	D190	Bk79	1
G158-D190	G158	D190	Bei89	1
G158-D190	G158	D190	Mos99	1
G158-D190	G158	D190	Bris07	1
G158-D190	G158	D190	NDako16	1
G158-E190	G158	E190	HK68	1
G158-E190	G158	E190	Bk79	1
G158-E190	G158	E190	Bei89	1
G158-E190	G158	E190	Mos99	1
G158-E190	G158	E190	Bris07	1
G158-E190	G158	E190	NDako16	1
K158-D190	K158	D190	HK68	1
K158-D190	K158	D190	Bk79	1
K158-D190	K158	D190	Bei89	1
K158-D190	K158	D190	Mos99	-1
K158-D190	K158	D190	Bris07	-1
K158-D190	K158	D190	NDako16	-1
K158-E190	K158	E190	HK68	1
K158-E190	K158	E190	Bk79	-1
K158-E190	K158	E190	Bei89	-1
K158-E190	K158	E190	Mos99	1
K158-E190	K158	E190	Bris07	1
K158-E190	K158	E190	NDako16	1
N158-D190	N158	D190	HK68	1
N158-D190	N158	D190	Bk79	1
N158-D190	N158	D190	Bei89	1
N158-D190	N158	D190	Mos99	1
N158-D190	N158	D190	Bris07	1
N158-D190	N158	D190	NDako16	1
N158-E190	N158	E190	HK68	-1
N158-E190	N158	E190	Bk79	1
N158-E190	N158	E190	Bei89	1
N158-E190	N158	E190	Mos99	-1
N158-E190	N158	E190	Bris07	-1
N158-E190	N158	E190	NDako16	-1
E158-F193	E158	F193	HK68	-1
E158-F193	E158	F193	Bk79	-1
E158-F193	E158	F193	Bei89	-1
E158-F193	E158	F193	Mos99	1
E158-F193	E158	F193	Bris07	1
E158-F193	E158	F193	NDako16	1
E158-N193	E158	N193	HK68	1
E158-N193	E158	N193	Bk79	1
E158-N193	E158	N193	Bei89	1
E158-N193	E158	N193	Mos99	1
E158-N193	E158	N193	Bris07	-1
E158-N193	E158	N193	NDako16	1
E158-S193	E158	S193	HK68	1
E158-S193	E158	S193	Bk79	1
E158-S193	E158	S193	Bei89	1
E158-S193	E158	S193	Mos99	1
E158-S193	E158	S193	Bris07	1
E158-S193	E158	S193	NDako16	1
G158-F193	G158	F193	HK68	1
G158-F193	G158	F193	Bk79	1
G158-F193	G158	F193	Bei89	1
G158-F193	G158	F193	Mos99	-1
G158-F193	G158	F193	Bris07	1
G158-F193	G158	F193	NDako16	1
G158-N193	G158	N193	HK68	-1
G158-N193	G158	N193	Bk79	1
G158-N193	G158	N193	Bei89	1
G158-N193	G158	N193	Mos99	1
G158-N193	G158	N193	Bris07	1
G158-N193	G158	N193	NDako16	1
G158-S193	G158	S193	HK68	-1
G158-S193	G158	S193	Bk79	1
G158-S193	G158	S193	Bei89	1
G158-S193	G158	S193	Mos99	1
G158-S193	G158	S193	Bris07	1
G158-S193	G158	S193	NDako16	1
K158-F193	K158	F193	HK68	1
K158-F193	K158	F193	Bk79	1
K158-F193	K158	F193	Bei89	1
K158-F193	K158	F193	Mos99	1
K158-F193	K158	F193	Bris07	-1
K158-F193	K158	F193	NDako16	1
K158-N193	K158	N193	HK68	1
K158-N193	K158	N193	Bk79	1
K158-N193	K158	N193	Bei89	1
K158-N193	K158	N193	Mos99	-1
K158-N193	K158	N193	Bris07	1
K158-N193	K158	N193	NDako16	1
K158-S193	K158	S193	HK68	1
K158-S193	K158	S193	Bk79	-1
K158-S193	K158	S193	Bei89	-1
K158-S193	K158	S193	Mos99	1
K158-S193	K158	S193	Bris07	1
K158-S193	K158	S193	NDako16	1
N158-F193	N158	F193	HK68	1
N158-F193	N158	F193	Bk79	1
N158-F193	N158	F193	Bei89	1
N158-F193	N158	F193	Mos99	1
N158-F193	N158	F193	Bris07	1
N158-F193	N158	F193	NDako16	1
N158-N193	N158	N193	HK68	1
N158-N193	N158	N193	Bk79	1
N158-N193	N158	N193	Bei89	1
N158-N193	N158	N193	Mos99	1
N158-N193	N158	N193	Bris07	1
N158-N193	N158	N193	NDako16	1
N158-S193	N158	S193	HK68	-1
N158-S193	N158	S193	Bk79	1
N158-S193	N158	S193	Bei89	1
N158-S193	N158	S193	Mos99	1
N158-S193	N158	S193	Bris07	1
N158-S193	N158	S193	NDako16	1
E158-A196	E158	A196	HK68	1
E158-A196	E158	A196	Bk79	1
E158-A196	E158	A196	Bei89	1
E158-A196	E158	A196	Mos99	1
E158-A196	E158	A196	Bris07	1
E158-A196	E158	A196	NDako16	1
E158-V196	E158	V196	HK68	1
E158-V196	E158	V196	Bk79	-1
E158-V196	E158	V196	Bei89	-1
E158-V196	E158	V196	Mos99	1
E158-V196	E158	V196	Bris07	1
E158-V196	E158	V196	NDako16	-1
G158-A196	G158	A196	HK68	1
G158-A196	G158	A196	Bk79	1
G158-A196	G158	A196	Bei89	1
G158-A196	G158	A196	Mos99	1
G158-A196	G158	A196	Bris07	-1
G158-A196	G158	A196	NDako16	1
G158-V196	G158	V196	HK68	1
G158-V196	G158	V196	Bk79	1
G158-V196	G158	V196	Bei89	1
G158-V196	G158	V196	Mos99	1
G158-V196	G158	V196	Bris07	-1
G158-V196	G158	V196	NDako16	1
K158-A196	K158	A196	HK68	1
K158-A196	K158	A196	Bk79	-1
K158-A196	K158	A196	Bei89	-1
K158-A196	K158	A196	Mos99	1
K158-A196	K158	A196	Bris07	1
K158-A196	K158	A196	NDako16	1
K158-V196	K158	V196	HK68	1
K158-V196	K158	V196	Bk79	1
K158-V196	K158	V196	Bei89	1
K158-V196	K158	V196	Mos99	1
K158-V196	K158	V196	Bris07	-1
K158-V196	K158	V196	NDako16	1
N158-A196	N158	A196	HK68	1
N158-A196	N158	A196	Bk79	1
N158-A196	N158	A196	Bei89	1
N158-A196	N158	A196	Mos99	-1
N158-A196	N158	A196	Bris07	1
N158-A196	N158	A196	NDako16	1
N158-V196	N158	V196	HK68	1
N158-V196	N158	V196	Bk79	1
N158-V196	N158	V196	Bei89	1
N158-V196	N158	V196	Mos99	1
N158-V196	N158	V196	Bris07	1
N158-V196	N158	V196	NDako16	1
F159-D190	F159	D190	HK68	1
F159-D190	F159	D190	Bk79	-1
F159-D190	F159	D190	Bei89	1
F159-D190	F159	D190	Mos99	-1
F159-D190	F159	D190	Bris07	1
F159-D190	F159	D190	NDako16	1
F159-E190	F159	E190	HK68	1
F159-E190	F159	E190	Bk79	1
F159-E190	F159	E190	Bei89	1
F159-E190	F159	E190	Mos99	1
F159-E190	F159	E190	Bris07	-1
F159-E190	F159	E190	NDako16	1
S159-D190	S159	D190	HK68	-1
S159-D190	S159	D190	Bk79	1
S159-D190	S159	D190	Bei89	1
S159-D190	S159	D190	Mos99	1
S159-D190	S159	D190	Bris07	-1
S159-D190	S159	D190	NDako16	1
S159-E190	S159	E190	HK68	-1
S159-E190	S159	E190	Bk79	1
S159-E190	S159	E190	Bei89	1
S159-E190	S159	E190	Mos99	1
S159-E190	S159	E190	Bris07	-1
S159-E190	S159	E190	NDako16	1
Y159-D190	Y159	D190	HK68	1
Y159-D190	Y159	D190	Bk79	1
Y159-D190	Y159	D190	Bei89	1
Y159-D190	Y159	D190	Mos99	-1
Y159-D190	Y159	D190	Bris07	1
Y159-D190	Y159	D190	NDako16	-1
Y159-E190	Y159	E190	HK68	-1
Y159-E190	Y159	E190	Bk79	1
Y159-E190	Y159	E190	Bei89	1
Y159-E190	Y159	E190	Mos99	1
Y159-E190	Y159	E190	Bris07	-1
Y159-E190	Y159	E190	NDako16	1
F159-F193	F159	F193	HK68	-1
F159-F193	F159	F193	Bk79	1
F159-F193	F159	F193	Bei89	1
F159-F193	F159	F193	Mos99	-1
F159-F193	F159	F193	Bris07	1
F159-F193	F159	F193	NDako16	-1
F159-N193	F159	N193	HK68	1
F159-N193	F159	N193	Bk79	1
F159-N193	F159	N193	Bei89	1
F159-N193	F159	N193	Mos99	1
F159-N193	F159	N193	Bris07	-1
F159-N193	F159	N193	NDako16	1
F159-S193	F159	S193	HK68	1
F159-S193	F159	S193	Bk79	1
F159-S193	F159	S193	Bei89	1
F159-S193	F159	S193	Mos99	1
F159-S193	F159	S193	Bris07	1
F159-S193	F159	S193	NDako16	1
S159-F193	S159	F193	HK68	1
S159-F193	S159	F193	Bk79	1
S159-F193	S159	F193	Bei89	1
S159-F193	S159	F193	Mos99	1
S159-F193	S159	F193	Bris07	1
S159-F193	S159	F193	NDako16	1
S159-N193	S159	N193	HK68	-1
S159-N193	S159	N193	Bk79	1
S159-N193	S159	N193	Bei89	1
S159-N193	S159	N193	Mos99	-1
S159-N193	S159	N193	Bris07	1
S159-N193	S159	N193	NDako16	-1
S159-S193	S159	S193	HK68	1
S159-S193	S159	S193	Bk79	1
S159-S193	S159	S193	Bei89	1
S159-S193	S159	S193	Mos99	1
S159-S193	S159	S193	Bris07	1
S159-S193	S159	S193	NDako16	1
Y159-F193	Y159	F193	HK68	-1
Y159-F193	Y159	F193	Bk79	1
Y159-F193	Y159	F193	Bei89	1
Y159-F193	Y159	F193	Mos99	-1
Y159-F193	Y159	F193	Bris07	1
Y159-F193	Y159	F193	NDako16	-1
Y159-N193	Y159	N193	HK68	1
Y159-N193	Y159	N193	Bk79	1
Y159-N193	Y159	N193	Bei89	1
Y159-N193	Y159	N193	Mos99	1
Y159-N193	Y159	N193	Bris07	-1
Y159-N193	Y159	N193	NDako16	1
Y159-S193	Y159	S193	HK68	1
Y159-S193	Y159	S193	Bk79	1
Y159-S193	Y159	S193	Bei89	1
Y159-S193	Y159	S193	Mos99	1
Y159-S193	Y159	S193	Bris07	1
Y159-S193	Y159	S193	NDako16	1
F159-A196	F159	A196	HK68	-1
F159-A196	F159	A196	Bk79	1
F159-A196	F159	A196	Bei89	1
F159-A196	F159	A196	Mos99	1
F159-A196	F159	A196	Bris07	1
F159-A196	F159	A196	NDako16	1
F159-V196	F159	V196	HK68	1
F159-V196	F159	V196	Bk79	1
F159-V196	F159	V196	Bei89	1
F159-V196	F159	V196	Mos99	1
F159-V196	F159	V196	Bris07	-1
F159-V196	F159	V196	NDako16	1
S159-A196	S159	A196	HK68	1
S159-A196	S159	A196	Bk79	1
S159-A196	S159	A196	Bei89	1
S159-A196	S159	A196	Mos99	1
S159-A196	S159	A196	Bris07	-1
S159-A196	S159	A196	NDako16	1
S159-V196	S159	V196	HK68	1
S159-V196	S159	V196	Bk79	1
S159-V196	S159	V196	Bei89	1
S159-V196	S159	V196	Mos99	1
S159-V196	S159	V196	Bris07	-1
S159-V196	S159	V196	NDako16	1
Y159-A196	Y159	A196	HK68	1
Y159-A196	Y159	A196	Bk79	1
Y159-A196	Y159	A196	Bei89	1
Y159-A196	Y159	A196	Mos99	1
Y159-A196	Y159	A196	Bris07	1
Y159-A196	Y159	A196	NDako16	-1
Y159-V196	Y159	V196	HK68	1
Y159-V196	Y159	V196	Bk79	1
Y159-V196	Y159	V196	Bei89	1
Y159-V196	Y159	V196	Mos99	1
Y159-V196	Y159	V196	Bris07	-1
Y159-V196	Y159	V196	NDako16	1
D190-F193	D190	F193	HK68	1
D190-F193	D190	F193	Bk79	1
D190-F193	D190	F193	Bei89	1
D190-F193	D190	F193	Mos99	-1
D190-F193	D190	F193	Bris07	1
D190-F193	D190	F193	NDako16	-1
D190-N193	D190	N193	HK68	1
D190-N193	D190	N193	Bk79	1
D190-N193	D190	N193	Bei89	1
D190-N193	D190	N193	Mos99	1
D190-N193	D190	N193	Bris07	-1
D190-N193	D190	N193	NDako16	1
D190-S193	D190	S193	HK68	1
D190-S193	D190	S193	Bk79	-1
D190-S193	D190	S193	Bei89	-1
D190-S193	D190	S193	Mos99	1
D190-S193	D190	S193	Bris07	1
D190-S193	D190	S193	NDako16	1
E190-F193	E190	F193	HK68	1
E190-F193	E190	F193	Bk79	1
E190-F193	E190	F193	Bei89	1
E190-F193	E190	F193	Mos99	1
E190-F193	E190	F193	Bris07	1
E190-F193	E190	F193	NDako16	1
E190-N193	E190	N193	HK68	-1
E190-N193	E190	N193	Bk79	-1
E190-N193	E190	N193	Bei89	-1
E190-N193	E190	N193	Mos99	-1
E190-N193	E190	N193	Bris07	1
E190-N193	E190	N193	NDako16	-1
E190-S193	E190	S193	HK68	1
E190-S193	E190	S193	Bk79	-1
E190-S193	E190	S193	Bei89	-1
E190-S193	E190	S193	Mos99	1
E190-S193	E190	S193	Bris07	1
E190-S193	E190	S193	NDako16	1
D190-A196	D190	A196	HK68	1
D190-A196	D190	A196	Bk79	1
D190-A196	D190	A196	Bei89	1
D190-A196	D190	A196	Mos99	1
D190-A196	D190	A196	Bris07	1
D190-A196	D190	A196	NDako16	1
D190-V196	D190	V196	HK68	-1
D190-V196	D190	V196	Bk79	-1
D190-V196	D190	V196	Bei89	-1
D190-V196	D190	V196	Mos99	-1
D190-V196	D190	V196	Bris07	-1
D190-V196	D190	V196	NDako16	-1
E190-A196	E190	A196	HK68	-1
E190-A196	E190	A196	Bk79	-1
E190-A196	E190	A196	Bei89	-1
E190-A196	E190	A196	Mos99	-1
E190-A196	E190	A196	Bris07	-1
E190-A196	E190	A196	NDako16	-1
E190-V196	E190	V196	HK68	-1
E190-V196	E190	V196	Bk79	-1
E190-V196	E190	V196	Bei89	-1
E190-V196	E190	V196	Mos99	-1
E190-V196	E190	V196	Bris07	-1
E190-V196	E190	V196	NDako16	-1
F193-A196	F193	A196	HK68	1
F193-A196	F193	A196	Bk79	1
F193-A196	F193	A196	Bei89	1
F193-A196	F193	A196	Mos99	1
F193-A196	F193	A196	Bris07	1
F193-A196	F193	A196	NDako16	1
F193-V196	F193	V196	HK68	-1
F193-V196	F193	V196	Bk79	-1
F193-V196	F193	V196	Bei89	-1
F193-V196	F193	V196	Mos99	-1
F193-V196	F193	V196	Bris07	-1
F193-V196	F193	V196	NDako16	-1
N193-A196	N193	A196	HK68	1
N193-A196	N193	A196	Bk79	-1
N193-A196	N193	A196	Bei89	1
N193-A196	N193	A196	Mos99	-1
N193-A196	N193	A196	Bris07	-1
N193-A196	N193	A196	NDako16	1
N193-V196	N193	V196	HK68	1
N193-V196	N193	V196	Bk79	1
N193-V196	N193	V196	Bei89	1
N193-V196	N193	V196	Mos99	1
N193-V196	N193	V196	Bris07	1
N193-V196	N193	V196	NDako16	1
S193-A196	S193	A196	HK68	-1
S193-A196	S193	A196	Bk79	-1
S193-A196	S193	A196	Bei89	-1
S193-A196	S193	A196	Mos99	-1
S193-A196	S193	A196	Bris07	-1
S193-A196	S193	A196	NDako16	-1
S193-V196	S193	V196	HK68	-1
S193-V196	S193	V196	Bk79	-1
S193-V196	S193	V196	Bei89	-1
S193-V196	S193	V196	Mos99	-1
S193-V196	S193	V196	Bris07	-1
S193-V196	S193	V196	NDako16	-1
E156-E156	E156	E156	HK68	1
E156-E156	E156	E156	Bk79	1
E156-E156	E156	E156	Bei89	1
E156-E156	E156	E156	Mos99	-1
E156-E156	E156	E156	Bris07	1
E156-E156	E156	E156	NDako16	-1
H156-H156	H156	H156	HK68	1
H156-H156	H156	H156	Bk79	1
H156-H156	H156	H156	Bei89	1
H156-H156	H156	H156	Mos99	1
H156-H156	H156	H156	Bris07	-1
H156-H156	H156	H156	NDako16	1
Q156-Q156	Q156	Q156	HK68	1
Q156-Q156	Q156	Q156	Bk79	1
Q156-Q156	Q156	Q156	Bei89	1
Q156-Q156	Q156	Q156	Mos99	1
Q156-Q156	Q156	Q156	Bris07	1
Q156-Q156	Q156	Q156	NDako16	1
K156-K156	K156	K156	HK68	-1
K156-K156	K156	K156	Bk79	-1
K156-K156	K156	K156	Bei89	-1
K156-K156	K156	K156	Mos99	-1
K156-K156	K156	K156	Bris07	1
K156-K156	K156	K156	NDako16	1
E158-E158	E158	E158	HK68	1
E158-E158	E158	E158	Bk79	1
E158-E158	E158	E158	Bei89	1
E158-E158	E158	E158	Mos99	1
E158-E158	E158	E158	Bris07	1
E158-E158	E158	E158	NDako16	1
K158-K158	K158	K158	HK68	-1
K158-K158	K158	K158	Bk79	-1
K158-K158	K158	K158	Bei89	-1
K158-K158	K158	K158	Mos99	-1
K158-K158	K158	K158	Bris07	1
K158-K158	K158	K158	NDako16	-1
N158-N158	N158	N158	HK68	1
N158-N158	N158	N158	Bk79	1
N158-N158	N158	N158	Bei89	1
N158-N158	N158	N158	Mos99	1
N158-N158	N158	N158	Bris07	-1
N158-N158	N158	N158	NDako16	1
G158-G158	G158	G158	HK68	1
G158-G158	G158	G158	Bk79	1
G158-G158	G158	G158	Bei89	1
G158-G158	G158	G158	Mos99	1
G158-G158	G158	G158	Bris07	1
G158-G158	G158	G158	NDako16	1
F159-F159	F159	F159	HK68	-1
F159-F159	F159	F159	Bk79	1
F159-F159	F159	F159	Bei89	1
F159-F159	F159	F159	Mos99	-1
F159-F159	F159	F159	Bris07	-1
F159-F159	F159	F159	NDako16	-1
Y159-Y159	Y159	Y159	HK68	-1
Y159-Y159	Y159	Y159	Bk79	-1
Y159-Y159	Y159	Y159	Bei89	-1
Y159-Y159	Y159	Y159	Mos99	-1
Y159-Y159	Y159	Y159	Bris07	1
Y159-Y159	Y159	Y159	NDako16	1
S159-S159	S159	S159	HK68	1
S159-S159	S159	S159	Bk79	1
S159-S159	S159	S159	Bei89	1
S159-S159	S159	S159	Mos99	1
S159-S159	S159	S159	Bris07	1
S159-S159	S159	S159	NDako16	1
D190-D190	D190	D190	HK68	-1
D190-D190	D190	D190	Bk79	-1
D190-D190	D190	D190	Bei89	-1
D190-D190	D190	D190	Mos99	1
D190-D190	D190	D190	Bris07	1
D190-D190	D190	D190	NDako16	1
E190-E190	E190	E190	HK68	1
E190-E190	E190	E190	Bk79	1
E190-E190	E190	E190	Bei89	1
E190-E190	E190	E190	Mos99	-1
E190-E190	E190	E190	Bris07	-1
E190-E190	E190	E190	NDako16	-1
F193-F193	F193	F193	HK68	-1
F193-F193	F193	F193	Bk79	-1
F193-F193	F193	F193	Bei89	-1
F193-F193	F193	F193	Mos99	-1
F193-F193	F193	F193	Bris07	-1
F193-F193	F193	F193	NDako16	-1
N193-N193	N193	N193	HK68	1
N193-N193	N193	N193	Bk79	1
N193-N193	N193	N193	Bei89	1
N193-N193	N193	N193	Mos99	1
N193-N193	N193	N193	Bris07	1
N193-N193	N193	N193	NDako16	1
S193-S193	S193	S193	HK68	1
S193-S193	S193	S193	Bk79	1
S193-S193	S193	S193	Bei89	1
S193-S193	S193	S193	Mos99	1
S193-S193	S193	S193	Bris07	-1
S193-S193	S193	S193	NDako16	1
A196-A196	A196	A196	HK68	-1
A196-A196	A196	A196	Bk79	-1
A196-A196	A196	A196	Bei89	-1
A196-A196	A196	A196	Mos99	-1
A196-A196	A196	A196	Bris07	-1
A196-A196	A196	A196	NDako16	1
V196-V196	V196	V196	HK68	1
V196-V196	V196	V196	Bk79	1
V196-V196	V196	V196	Bei89	1
V196-V196	V196	V196	Mos99	1
V196-V196	V196	V196	Bris07	1
V196-V196	V196	V196	NDako16	-1
