n1,n2,strain,upper,lower,e
156E,158E,HK68,0.345912009,0.641735357,0.494132335
156E,158G,HK68,-0.830534248,-0.284342032,-0.553996027
156E,158K,HK68,-1.730474457,-1.433354095,-1.604852369
156E,158N,HK68,1.555504677,1.839602383,1.664716061
156H,158E,HK68,0.187350304,0.45675352,0.334185689
156H,158G,HK68,-0.605575613,-0.043713332,-0.321941208
156H,158K,HK68,-1.1231711,-0.864960696,-1.010051474
156H,158N,HK68,0.886837243,1.159385171,0.997806993
156K,158E,HK68,-1.155345267,-0.640180258,-0.959700382
156K,158G,HK68,-0.782937479,-0.561269753,-0.660625286
156K,158K,HK68,3.308984025,3.796608206,3.566931328
156K,158N,HK68,-3.582105407,-2.997666697,-3.267856232
156Q,158E,HK68,-0.013733531,0.254336006,0.131382358
156Q,158G,HK68,-0.050151352,0.50161603,0.21531195
156Q,158K,HK68,-1.078685059,-0.853064893,-0.952027485
156Q,158N,HK68,0.446908105,0.746611635,0.605333177
156E,159F,HK68,-0.000414437,0.20862564,0.117519024
156E,159S,HK68,-0.243283,0.042911986,-0.121431401
156E,159Y,HK68,-0.098974431,0.104120468,0.003912377
156H,159F,HK68,-0.394856893,-0.117949902,-0.242536647
156H,159S,HK68,0.39876502,0.767843891,0.557607318
156H,159Y,HK68,-0.410042157,-0.177927507,-0.315070671
156K,159F,HK68,-0.196945443,0.222988876,-0.022625328
156K,159S,HK68,0.091901675,0.269681405,0.159026824
156K,159Y,HK68,-0.070816557,0.368048867,0.181652152
156Q,159F,HK68,0.030401367,0.241546013,0.14764295
156Q,159S,HK68,-0.434089514,-0.109242418,-0.277149092
156Q,159Y,HK68,0.019654656,0.260806368,0.129506142
156E,190D,HK68,0.489622179,0.661024491,0.585183021
156E,190E,HK68,-0.661024491,-0.489622179,-0.585183021
156H,190D,HK68,-0.127687923,0.036022198,-0.045010471
156H,190E,HK68,-0.036022198,0.127687923,0.045010471
156K,190D,HK68,-0.444509494,-0.271847913,-0.353461676
156K,190E,HK68,-0.444509494,-0.271847913,-0.353461676
156Q,190D,HK68,-0.257418214,-0.108805156,-0.186710874
156Q,190E,HK68,0.108805156,0.257418214,0.186710874
156E,193F,HK68,-0.09075707,0.159900743,0.028393569
156E,193N,HK68,-0.220655994,0.020805636,-0.094755072
156E,193S,HK68,-0.094994643,0.243825454,0.066361503
156H,193F,HK68,0.085302544,0.325527456,0.215516938
156H,193N,HK68,-0.346721779,-0.118753112,-0.235655831
156H,193S,HK68,-0.124210829,0.178066405,0.020138892
156K,193F,HK68,-0.708604582,-0.250832636,-0.489829218
156K,193N,HK68,0.187358774,0.657747995,0.415698918
156K,193S,HK68,-0.197256469,0.036320788,-0.0741303
156Q,193F,HK68,0.137675994,0.349710444,0.245918711
156Q,193N,HK68,-0.200350574,0.029863405,-0.085288016
156Q,193S,HK68,-0.313448423,-0.014589498,-0.160630695
156E,196A,HK68,-0.171042176,-0.022688425,-0.093864473
156E,196V,HK68,0.022688425,0.171042176,0.093864473
156H,196A,HK68,0.129188904,0.298515061,0.210173337
156H,196V,HK68,-0.298515061,-0.129188904,-0.210173337
156K,196A,HK68,-0.195090342,-0.033989658,-0.107634575
156K,196V,HK68,-0.195090342,-0.033989658,-0.107634575
156Q,196A,HK68,-0.104176334,0.083304424,-0.008674289
156Q,196V,HK68,-0.083304424,0.104176334,0.008674289
158E,159F,HK68,0.076439351,0.334924473,0.199604419
158E,159S,HK68,-0.429953316,-0.049408339,-0.236340079
158E,159Y,HK68,-0.110705508,0.14097558,0.03673566
158G,159F,HK68,-0.399253829,-0.012365069,-0.208221357
158G,159S,HK68,0.364783791,0.561628637,0.462478159
158G,159Y,HK68,0.507806932,0.840557127,0.670699516
158K,159F,HK68,0.264383653,0.491120006,0.37371618
158K,159S,HK68,-0.768205608,-0.42311023,-0.584181146
158K,159Y,HK68,0.105938689,0.326497207,0.210464966
158N,159F,HK68,-0.460766603,-0.235362892,-0.365099242
158N,159S,HK68,1.084150335,1.4481866,1.282999384
158N,159Y,HK68,-1.060848492,-0.810353617,-0.917900141
158E,190D,HK68,0.19099946,0.357547581,0.27371372
158E,190E,HK68,-0.357547581,-0.19099946,-0.27371372
158G,190D,HK68,-0.073745953,0.076319399,0.003213628
158G,190E,HK68,-0.073745953,0.076319399,0.003213628
158K,190D,HK68,-0.045531376,0.12655817,0.028141504
158K,190E,HK68,-0.12655817,0.045531376,-0.028141504
158N,190D,HK68,-0.396528012,-0.230346135,-0.305068852
158N,190E,HK68,0.230346135,0.396528012,0.305068852
158E,193F,HK68,0.006939363,0.228276955,0.118976212
158E,193N,HK68,-0.159819371,0.041974759,-0.063062608
158E,193S,HK68,-0.183983107,0.110748784,-0.055913603
158G,193F,HK68,-0.408010295,-0.003599085,-0.203747229
158G,193N,HK68,0.057248998,0.510944468,0.309630865
158G,193S,HK68,0.000606746,0.198746373,0.105883636
158K,193F,HK68,-0.133704639,0.101037513,-0.007327759
158K,193N,HK68,-0.076664757,0.163253908,0.051902564
158K,193S,HK68,-0.210537607,0.129306617,-0.044574805
158N,193F,HK68,-0.03719387,0.205590649,0.092098776
158N,193N,HK68,-0.41083898,-0.20153385,-0.298470821
158N,193S,HK68,0.057176252,0.393990804,0.206372045
158E,196A,HK68,-0.034909846,0.132193193,0.045591356
158E,196V,HK68,-0.132193193,0.034909846,-0.045591356
158G,196A,HK68,-0.018771576,0.134407215,0.047831688
158G,196V,HK68,-0.018771576,0.134407215,0.047831688
158K,196A,HK68,-0.143443883,0.022338501,-0.060082223
158K,196V,HK68,-0.022338501,0.143443883,0.060082223
158N,196A,HK68,-0.118874074,0.037519816,-0.033340821
158N,196V,HK68,-0.037519816,0.118874074,0.033340821
159F,190D,HK68,-0.041496336,0.09545612,0.02416814
159F,190E,HK68,-0.09545612,0.041496336,-0.02416814
159S,190D,HK68,0.034168453,0.161626898,0.096255297
159S,190E,HK68,0.034168453,0.161626898,0.096255297
159Y,190D,HK68,-0.192264089,-0.047846092,-0.120423436
159Y,190E,HK68,0.047846092,0.192264089,0.120423436
159F,193F,HK68,0.100869744,0.266414568,0.184159464
159F,193N,HK68,-0.214662042,-0.01447989,-0.122267319
159F,193S,HK68,-0.180180655,0.060696765,-0.061892145
159S,193F,HK68,-0.48937759,-0.219805518,-0.344345086
159S,193N,HK68,0.080611307,0.338209993,0.198499423
159S,193S,HK68,-0.23536506,-0.064779139,-0.145845663
159Y,193F,HK68,0.078939928,0.273381196,0.160185622
159Y,193N,HK68,-0.175510543,0.006879756,-0.076232104
159Y,193S,HK68,-0.205205039,0.028138426,-0.083953518
159F,196A,HK68,0.000611887,0.131581658,0.05906597
159F,196V,HK68,-0.131581658,-0.000611887,-0.05906597
159S,196A,HK68,-0.174036961,-0.02188824,-0.09715581
159S,196V,HK68,-0.174036961,-0.02188824,-0.09715581
159Y,196A,HK68,-0.024039318,0.097941307,0.03808984
159Y,196V,HK68,-0.097941307,0.024039318,-0.03808984
190D,193F,HK68,-0.002911749,0.146440713,0.061463137
190D,193N,HK68,-0.178537013,-0.045156282,-0.108856743
190D,193S,HK68,-0.015408663,0.120081667,0.047393605
190E,193F,HK68,-0.146440713,0.002911749,-0.061463137
190E,193N,HK68,0.045156282,0.178537013,0.108856743
190E,193S,HK68,-0.015408663,0.120081667,0.047393605
190D,196A,HK68,-0.213051396,-0.128094377,-0.167130164
190D,196V,HK68,0.128094377,0.213051396,0.167130164
190E,196A,HK68,0.128094377,0.213051396,0.167130164
190E,196V,HK68,0.128094377,0.213051396,0.167130164
193F,196A,HK68,-0.269157004,-0.118225452,-0.184608505
193F,196V,HK68,0.118225452,0.269157004,0.184608505
193N,196A,HK68,-0.141111579,0.019816043,-0.059582319
193N,196V,HK68,-0.019816043,0.141111579,0.059582319
193S,196A,HK68,0.151941637,0.330450447,0.244190824
193S,196V,HK68,0.151941637,0.330450447,0.244190824
156E,156E,HK68,-0.200743292,0.02706277,-0.091376941
156H,156H,HK68,-0.334441176,-0.045885014,-0.198294091
156Q,156Q,HK68,-0.535774705,-0.269876437,-0.409509141
156K,156K,HK68,0.551401078,0.841818987,0.699180173
158E,158E,HK68,-1.289490836,-0.995591542,-1.150670713
158K,158K,HK68,1.535363276,1.784151733,1.672638874
158N,158N,HK68,-0.694708573,-0.400253527,-0.566961554
158G,158G,HK68,-0.099615486,0.177074762,0.044993393
159F,159F,HK68,0.219851395,0.412873354,0.301742302
159Y,159Y,HK68,0.466601036,0.667893864,0.593900357
159S,159S,HK68,-0.999605475,-0.796094584,-0.895642659
190D,190D,HK68,0.110232149,0.269883692,0.186640936
190E,190E,HK68,-0.269883692,-0.110232149,-0.186640936
193F,193F,HK68,0.416456825,0.630259308,0.513873652
193N,193N,HK68,-0.28770128,-0.051065573,-0.161449602
193S,193S,HK68,-0.458394252,-0.251653159,-0.35242405
196A,196A,HK68,0.151473405,0.328202056,0.224094886
196V,196V,HK68,-0.328202056,-0.151473405,-0.224094886
156E,158E,Bk79,-0.286932778,0.028904483,-0.127741527
156E,158G,Bk79,-1.752851591,-1.125684768,-1.436679028
156E,158K,Bk79,1.852614542,2.179868101,2.027456898
156E,158N,Bk79,-0.630598247,-0.321489644,-0.463036343
156H,158E,Bk79,-1.588577612,-1.275465741,-1.424535177
156H,158G,Bk79,0.493014821,1.075977806,0.76644354
156H,158K,Bk79,1.18603299,1.561966077,1.343648181
156H,158N,Bk79,-0.841344968,-0.543553384,-0.685556544
156K,158E,Bk79,2.835651801,3.381582313,3.059697584
156K,158G,Bk79,-0.363064764,-0.122959313,-0.245086375
156K,158K,Bk79,-5.323049919,-4.677169051,-4.961947765
156K,158N,Bk79,1.382781802,2.030897455,1.657163805
156Q,158E,Bk79,-1.639635667,-1.372690516,-1.507420881
156Q,158G,Bk79,0.137813228,0.704260762,0.425149113
156Q,158K,Bk79,1.454293423,1.769513716,1.590842686
156Q,158N,Bk79,-0.664879634,-0.372645246,-0.508570918
156E,159F,Bk79,0.488914857,0.710775957,0.607602738
156E,159S,Bk79,-1.07956374,-0.776710779,-0.93602217
156E,159Y,Bk79,0.216491631,0.433782279,0.328419432
156H,159F,Bk79,-0.401985247,-0.179789333,-0.307383595
156H,159S,Bk79,0.720246573,1.052349076,0.875069864
156H,159Y,Bk79,-0.708331851,-0.442353403,-0.567686268
156K,159F,Bk79,-0.872671757,-0.39135763,-0.617454275
156K,159S,Bk79,-0.611096253,-0.391890752,-0.521372312
156K,159Y,Bk79,-0.128719482,0.312501542,0.096081963
156Q,159F,Bk79,0.192060039,0.452602075,0.317235133
156Q,159S,Bk79,-0.655273586,-0.311814341,-0.460420006
156Q,159Y,Bk79,0.023518518,0.298980913,0.143184873
156E,190D,Bk79,0.534218324,0.724123528,0.620465791
156E,190E,Bk79,-0.724123528,-0.534218324,-0.620465791
156H,190D,Bk79,0.176357423,0.338519799,0.266638716
156H,190E,Bk79,-0.338519799,-0.176357423,-0.266638716
156K,190D,Bk79,-0.770947916,-0.55302019,-0.665184499
156K,190E,Bk79,-0.770947916,-0.55302019,-0.665184499
156Q,190D,Bk79,-0.290470017,-0.114421744,-0.221920008
156Q,190E,Bk79,0.114421744,0.290470017,0.221920008
156E,193F,Bk79,0.856773651,1.094759655,0.980721541
156E,193N,Bk79,-0.399030026,-0.128499457,-0.276395517
156E,193S,Bk79,-0.876016694,-0.50543454,-0.704326024
156H,193F,Bk79,0.281008703,0.547986784,0.424849442
156H,193N,Bk79,-0.695250609,-0.47558249,-0.563516999
156H,193S,Bk79,-0.005763062,0.34434317,0.138667557
156K,193F,Bk79,-1.957608458,-1.533767193,-1.740756629
156K,193N,Bk79,1.097036442,1.568223668,1.344221232
156K,193S,Bk79,-0.528172292,-0.278337065,-0.396535397
156Q,193F,Bk79,0.216146154,0.481500693,0.335185646
156Q,193N,Bk79,-0.605107127,-0.362466846,-0.504308716
156Q,193S,Bk79,-0.028146226,0.312506591,0.16912307
156E,196A,Bk79,-0.342503816,-0.196232616,-0.268452033
156E,196V,Bk79,0.196232616,0.342503816,0.268452033
156H,196A,Bk79,-0.05734732,0.137803129,0.035381184
156H,196V,Bk79,-0.137803129,0.05734732,-0.035381184
156K,196A,Bk79,0.084911788,0.283298747,0.166038192
156K,196V,Bk79,0.084911788,0.283298747,0.166038192
156Q,196A,Bk79,-0.020428503,0.154389789,0.067032657
156Q,196V,Bk79,-0.154389789,0.020428503,-0.067032657
158E,159F,Bk79,0.134540319,0.368340116,0.242484437
158E,159S,Bk79,-0.485126781,-0.169756463,-0.344181644
158E,159Y,Bk79,-0.015938645,0.20096244,0.101697207
158G,159F,Bk79,-0.248587208,0.24663857,0.029780503
158G,159S,Bk79,0.060031425,0.279313077,0.177570309
158G,159Y,Bk79,-0.056315959,0.394492007,0.147789806
158K,159F,Bk79,-0.4663375,-0.242662757,-0.358744854
158K,159S,Bk79,0.577138959,0.946768339,0.752412704
158K,159Y,Bk79,-0.564444197,-0.255025697,-0.39366785
158N,159F,Bk79,-0.070249403,0.209454664,0.086479914
158N,159S,Bk79,-0.430666917,-0.053609255,-0.230660751
158N,159Y,Bk79,0.028515024,0.28656569,0.144180837
158E,190D,Bk79,0.350527651,0.5460956,0.442345635
158E,190E,Bk79,-0.5460956,-0.350527651,-0.442345635
158G,190D,Bk79,-0.01504735,0.159913212,0.069618077
158G,190E,Bk79,-0.01504735,0.159913212,0.069618077
158K,190D,Bk79,-0.612203653,-0.420728127,-0.518132239
158K,190E,Bk79,0.420728127,0.612203653,0.518132239
158N,190D,Bk79,-0.076651283,0.091013474,0.006168527
158N,190E,Bk79,-0.091013474,0.076651283,-0.006168527
158E,193F,Bk79,0.312585496,0.598251362,0.443018762
158E,193N,Bk79,-0.05592056,0.153689835,0.050859385
158E,193S,Bk79,-0.687701906,-0.348273788,-0.493878147
158G,193F,Bk79,-0.23922559,0.191009282,0.004762275
158G,193N,Bk79,-0.247018482,0.174092834,-0.049445979
158G,193S,Bk79,-0.144149142,0.065290224,-0.044683704
158K,193F,Bk79,-0.667547549,-0.396636591,-0.542976492
158K,193N,Bk79,-0.125883176,0.135196316,0.005112858
158K,193S,Bk79,0.374590635,0.716045774,0.537863634
158N,193F,Bk79,-0.007290815,0.212073275,0.095195454
158N,193N,Bk79,-0.124695778,0.097565252,-0.006526265
158N,193S,Bk79,-0.239395964,0.046733886,-0.08866919
158E,196A,Bk79,-0.236206798,-0.05968688,-0.146850199
158E,196V,Bk79,0.05968688,0.236206798,0.146850199
158G,196A,Bk79,-0.085959049,0.095806465,0.015779707
158G,196V,Bk79,-0.085959049,0.095806465,0.015779707
158K,196A,Bk79,0.033652169,0.231345042,0.113894481
158K,196V,Bk79,-0.231345042,-0.033652169,-0.113894481
158N,196A,Bk79,-0.063377993,0.096725177,0.017176011
158N,196V,Bk79,-0.096725177,0.063377993,-0.017176011
159F,190D,Bk79,0.133919157,0.267659903,0.199473404
159F,190E,Bk79,-0.267659903,-0.133919157,-0.199473404
159S,190D,Bk79,-0.315440025,-0.181656649,-0.244684134
159S,190E,Bk79,-0.315440025,-0.181656649,-0.244684134
159Y,190D,Bk79,-0.016074082,0.116720317,0.04521073
159Y,190E,Bk79,-0.116720317,0.016074082,-0.04521073
159F,193F,Bk79,-0.009955925,0.185382564,0.094889622
159F,193N,Bk79,-0.145085548,0.063955177,-0.028957435
159F,193S,Bk79,-0.187163276,0.108276177,-0.065932187
159S,193F,Bk79,-0.248996668,0.02174081,-0.108820381
159S,193N,Bk79,-0.090112153,0.178334629,0.021348501
159S,193S,Bk79,-0.175787782,0.005764204,-0.087471879
159Y,193F,Bk79,-0.115124384,0.127302029,0.013930759
159Y,193N,Bk79,-0.098232544,0.116713019,0.007608934
159Y,193S,Bk79,-0.187141249,0.140218013,-0.021539693
159F,196A,Bk79,-0.027565539,0.118318594,0.051045296
159F,196V,Bk79,-0.118318594,0.027565539,-0.051045296
159S,196A,Bk79,-0.148922558,-0.028316046,-0.101165179
159S,196V,Bk79,-0.148922558,-0.028316046,-0.101165179
159Y,196A,Bk79,-0.01881519,0.120739095,0.050119883
159Y,196V,Bk79,-0.120739095,0.01881519,-0.050119883
190D,193F,Bk79,-0.102202991,0.048486845,-0.035248232
190D,193N,Bk79,-0.270953081,-0.123902053,-0.200222554
190D,193S,Bk79,0.154503088,0.310186517,0.235470787
190E,193F,Bk79,-0.048486845,0.102202991,0.035248232
190E,193N,Bk79,0.123902053,0.270953081,0.200222554
190E,193S,Bk79,0.154503088,0.310186517,0.235470787
190D,196A,Bk79,-0.191532581,-0.080879659,-0.142985861
190D,196V,Bk79,0.080879659,0.191532581,0.142985861
190E,196A,Bk79,0.080879659,0.191532581,0.142985861
190E,196V,Bk79,0.080879659,0.191532581,0.142985861
193F,196A,Bk79,-0.511696526,-0.366672991,-0.428994526
193F,196V,Bk79,0.366672991,0.511696526,0.428994526
193N,196A,Bk79,0.11920068,0.260685696,0.194620068
193N,196V,Bk79,-0.260685696,-0.11920068,-0.194620068
193S,196A,Bk79,0.171362935,0.316863508,0.234374458
193S,196V,Bk79,0.171362935,0.316863508,0.234374458
156E,156E,Bk79,-2.550210564,-2.261135373,-2.440168036
156H,156H,Bk79,-0.037729763,0.254824856,0.083004068
156Q,156Q,Bk79,-0.482788459,-0.228460114,-0.335996814
156K,156K,Bk79,2.516540992,2.816663117,2.693160782
158E,158E,Bk79,-1.36129183,-1.050967716,-1.226632924
158K,158K,Bk79,0.842172475,1.181186113,0.999875939
158N,158N,Bk79,-0.079214507,0.217079123,0.065672567
158G,158G,Bk79,-0.010354201,0.301938108,0.161084418
159F,159F,Bk79,-0.292991435,-0.04622447,-0.172812563
159Y,159Y,Bk79,0.263340551,0.484177867,0.36481658
159S,159S,Bk79,-0.314709308,-0.086400749,-0.192004017
190D,190D,Bk79,0.195774304,0.379559353,0.282698026
190E,190E,Bk79,-0.379559353,-0.195774304,-0.282698026
193F,193F,Bk79,0.269324082,0.497979379,0.388868653
193N,193N,Bk79,-0.176729426,0.017125819,-0.092523361
193S,193S,Bk79,-0.461169788,-0.172189722,-0.296345292
196A,196A,Bk79,0.116819796,0.302848336,0.193808246
196V,196V,Bk79,-0.302848336,-0.116819796,-0.193808246
156E,158E,Bei89,0.529329538,0.81082708,0.676654441
156E,158G,Bei89,-1.108072456,-0.530041191,-0.830545122
156E,158K,Bei89,0.241618968,0.608887079,0.42224504
156E,158N,Bei89,-0.40506296,-0.107931403,-0.268354359
156H,158E,Bei89,-0.662448722,-0.365044181,-0.506255841
156H,158G,Bei89,0.047286037,0.546385294,0.237026923
156H,158K,Bei89,0.53681197,0.846776516,0.698135373
156H,158N,Bei89,-0.550094434,-0.255213231,-0.428906454
156K,158E,Bei89,-0.046127856,0.478408332,0.22015615
156K,158G,Bei89,-0.308155475,-0.079208836,-0.203427939
156K,158K,Bei89,-1.697171382,-1.108553693,-1.406106717
156K,158N,Bei89,0.710972971,1.310361206,0.982522628
156Q,158E,Bei89,-0.511238884,-0.23058322,-0.39055475
156Q,158G,Bei89,0.101569895,0.617385722,0.39009026
156Q,158K,Bei89,0.128566625,0.444832732,0.285726304
156Q,158N,Bei89,-0.444330371,-0.138261481,-0.285261815
156E,159F,Bei89,0.142449707,0.380141322,0.255743907
156E,159S,Bei89,-0.788581678,-0.47647547,-0.628095326
156E,159Y,Bei89,0.239194512,0.516247504,0.372351419
156H,159F,Bei89,-0.597431103,-0.305285532,-0.422113407
156H,159S,Bei89,0.736921814,1.086219409,0.877592503
156H,159Y,Bei89,-0.566484683,-0.335464186,-0.455479096
156K,159F,Bei89,-0.22559864,0.272858684,-0.007906765
156K,159S,Bei89,-0.140489485,0.075117277,-0.032010307
156K,159Y,Bei89,-0.288004982,0.191962176,-0.024103542
156Q,159F,Bei89,0.051008882,0.302023424,0.174276265
156Q,159S,Bei89,-0.481562741,-0.111096539,-0.281507484
156Q,159Y,Bei89,-0.012079211,0.251501331,0.107231219
156E,190D,Bei89,0.438265145,0.592739079,0.51819511
156E,190E,Bei89,-0.592739079,-0.438265145,-0.51819511
156H,190D,Bei89,0.34334087,0.505079963,0.421458406
156H,190E,Bei89,-0.505079963,-0.34334087,-0.421458406
156K,190D,Bei89,-0.589766482,-0.412633391,-0.490096805
156K,190E,Bei89,-0.589766482,-0.412633391,-0.490096805
156Q,190D,Bei89,-0.561191962,-0.347308328,-0.449556711
156Q,190E,Bei89,0.347308328,0.561191962,0.449556711
156E,193F,Bei89,0.297865546,0.550504206,0.433992392
156E,193N,Bei89,-0.131025023,0.144822007,-0.00236898
156E,193S,Bei89,-0.629587625,-0.260472117,-0.431623412
156H,193F,Bei89,-0.081864142,0.198718858,0.073876643
156H,193N,Bei89,-0.462576947,-0.217730603,-0.352728713
156H,193S,Bei89,0.111253362,0.443873019,0.27885207
156K,193F,Bei89,-0.904060059,-0.379635962,-0.654759266
156K,193N,Bei89,0.143507681,0.664571372,0.43965321
156K,193S,Bei89,-0.313925945,-0.115840977,-0.215106056
156Q,193F,Bei89,0.013254366,0.253337256,0.14689023
156Q,193N,Bei89,-0.224947146,0.058684509,-0.084555516
156Q,193S,Bei89,-0.244418636,0.122552082,-0.062334714
156E,196A,Bei89,-0.120778055,0.057167735,-0.014459907
156E,196V,Bei89,-0.057167735,0.120778055,0.014459907
156H,196A,Bei89,-0.257410891,-0.093040469,-0.172575391
156H,196V,Bei89,0.093040469,0.257410891,0.172575391
156K,196A,Bei89,0.111197264,0.270937744,0.173131941
156K,196V,Bei89,0.111197264,0.270937744,0.173131941
156Q,196A,Bei89,-0.074589244,0.079971459,0.013903356
156Q,196V,Bei89,-0.079971459,0.074589244,-0.013903356
158E,159F,Bei89,-0.027481863,0.222052858,0.093788273
158E,159S,Bei89,-0.213870864,0.141581339,-0.031826438
158E,159Y,Bei89,-0.211438798,0.041494158,-0.061961835
158G,159F,Bei89,-0.383516046,0.0029563,-0.180374854
158G,159S,Bei89,0.014171922,0.214351368,0.109232559
158G,159Y,Bei89,0.112347496,0.506586766,0.289607413
158K,159F,Bei89,-0.113264284,0.125870012,-0.006921897
158K,159S,Bei89,-0.014792516,0.393821795,0.220239941
158K,159Y,Bei89,-0.342258548,-0.076965008,-0.213318044
158N,159F,Bei89,-0.019811208,0.184305782,0.093508478
158N,159S,Bei89,-0.250233392,0.101025933,-0.079180944
158N,159Y,Bei89,-0.124727572,0.114273771,-0.014327534
158E,190D,Bei89,0.312533048,0.488182282,0.393009367
158E,190E,Bei89,-0.488182282,-0.312533048,-0.393009367
158G,190D,Bei89,-0.11716426,0.041597441,-0.032356583
158G,190E,Bei89,-0.11716426,0.041597441,-0.032356583
158K,190D,Bei89,-0.49249404,-0.272372529,-0.376883875
158K,190E,Bei89,0.272372529,0.49249404,0.376883875
158N,190D,Bei89,-0.082381956,0.110573959,0.016231091
158N,190E,Bei89,-0.110573959,0.082381956,-0.016231091
158E,193F,Bei89,0.203087696,0.480682488,0.345751187
158E,193N,Bei89,-0.007352842,0.199733658,0.08773976
158E,193S,Bei89,-0.595782906,-0.242295814,-0.433490947
158G,193F,Bei89,-0.142361077,0.272095115,0.0640299
158G,193N,Bei89,-0.261397347,0.168620787,-0.038776064
158G,193S,Bei89,-0.087996379,0.135823056,0.025253837
158K,193F,Bei89,-0.539938932,-0.259850525,-0.406861081
158K,193N,Bei89,-0.281494729,0.054738255,-0.10097094
158K,193S,Bei89,0.327237116,0.734610471,0.507832021
158N,193F,Bei89,-0.115148582,0.093644967,-0.002920006
158N,193N,Bei89,-0.042531918,0.189752273,0.052007244
158N,193S,Bei89,-0.19740842,0.085787227,-0.049087238
158E,196A,Bei89,-0.368052989,-0.196006644,-0.275483366
158E,196V,Bei89,0.196006644,0.368052989,0.275483366
158G,196A,Bei89,-0.10824096,0.051116028,-0.033434613
158G,196V,Bei89,-0.10824096,0.051116028,-0.033434613
158K,196A,Bei89,0.187837892,0.385364131,0.285291619
158K,196V,Bei89,-0.385364131,-0.187837892,-0.285291619
158N,196A,Bei89,-0.053724589,0.104921211,0.02362636
158N,196V,Bei89,-0.104921211,0.053724589,-0.02362636
159F,190D,Bei89,-0.00669849,0.112108781,0.05396567
159F,190E,Bei89,-0.112108781,0.00669849,-0.05396567
159S,190D,Bei89,-0.162172805,-0.035590346,-0.107297423
159S,190E,Bei89,-0.162172805,-0.035590346,-0.107297423
159Y,190D,Bei89,-0.03030915,0.117451921,0.053331753
159Y,190E,Bei89,-0.117451921,0.03030915,-0.053331753
159F,193F,Bei89,-0.048741913,0.18387531,0.084596791
159F,193N,Bei89,-0.13199288,0.052607919,-0.047775719
159F,193S,Bei89,-0.169439636,0.098338693,-0.036821072
159S,193F,Bei89,-0.161915788,0.100802353,-0.053741289
159S,193N,Bei89,-0.006777396,0.215631138,0.11081531
159S,193S,Bei89,-0.027406325,0.154504866,0.057074021
159Y,193F,Bei89,-0.13024685,0.060027985,-0.030855501
159Y,193N,Bei89,-0.168377229,0.058897625,-0.063039591
159Y,193S,Bei89,-0.08083302,0.243056488,0.093895093
159F,196A,Bei89,-0.06105645,0.057044961,0.000322641
159F,196V,Bei89,-0.057044961,0.06105645,-0.000322641
159S,196A,Bei89,-0.060185328,0.065563579,0.008850807
159S,196V,Bei89,-0.060185328,0.065563579,0.008850807
159Y,196A,Bei89,-0.070480626,0.065363148,-0.009173448
159Y,196V,Bei89,-0.065363148,0.070480626,0.009173448
190D,193F,Bei89,-0.120305733,0.034097521,-0.048043253
190D,193N,Bei89,-0.175127435,-0.026018558,-0.10783555
190D,193S,Bei89,0.09819437,0.249963044,0.155878803
190E,193F,Bei89,-0.034097521,0.120305733,0.048043253
190E,193N,Bei89,0.026018558,0.175127435,0.10783555
190E,193S,Bei89,0.09819437,0.249963044,0.155878803
190D,196A,Bei89,-0.260579379,-0.168466728,-0.213301284
190D,196V,Bei89,0.168466728,0.260579379,0.213301284
190E,196A,Bei89,0.168466728,0.260579379,0.213301284
190E,196V,Bei89,0.168466728,0.260579379,0.213301284
193F,196A,Bei89,-0.447217384,-0.273998233,-0.364376357
193F,196V,Bei89,0.273998233,0.447217384,0.364376357
193N,196A,Bei89,-0.028096006,0.120632668,0.057947235
193N,196V,Bei89,-0.120632668,0.028096006,-0.057947235
193S,196A,Bei89,0.248873413,0.366697658,0.306429122
193S,196V,Bei89,0.248873413,0.366697658,0.306429122
156E,156E,Bei89,-1.743028837,-1.480108719,-1.5975125
156H,156H,Bei89,-0.487610507,-0.249904002,-0.379603581
156Q,156Q,Bei89,-0.148508126,0.101509347,-0.031834198
156K,156K,Bei89,1.886757198,2.139308107,2.00895028
158E,158E,Bei89,-1.841679222,-1.595537734,-1.729186968
158K,158K,Bei89,1.53998654,1.814563416,1.676448981
158N,158N,Bei89,-0.215001058,0.048621189,-0.079305302
158G,158G,Bei89,-0.014981035,0.246960162,0.132043288
159F,159F,Bei89,-0.111982077,0.146885259,0.015950164
159Y,159Y,Bei89,0.382779547,0.597455453,0.483476658
159S,159S,Bei89,-0.608264778,-0.393643736,-0.499426822
190D,190D,Bei89,0.187811795,0.346635546,0.271071968
190E,190E,Bei89,-0.346635546,-0.187811795,-0.271071968
193F,193F,Bei89,0.560479929,0.818923006,0.682178801
193N,193N,Bei89,-0.188810168,0.035445632,-0.080281737
193S,193S,Bei89,-0.71869198,-0.493212812,-0.601897064
196A,196A,Bei89,0.013865231,0.173734369,0.09195088
196V,196V,Bei89,-0.173734369,-0.013865231,-0.09195088
156E,158E,Mos99,1.799391123,2.153111655,1.983628258
156E,158G,Mos99,-0.473374597,0.183548325,-0.153836024
156E,158K,Mos99,-1.796853235,-1.410506598,-1.60857661
156E,158N,Mos99,-0.399389391,-0.051634126,-0.221215625
156H,158E,Mos99,1.190121939,1.512405783,1.345442519
156H,158G,Mos99,-0.073654367,0.49010656,0.196769732
156H,158K,Mos99,-1.5042339,-1.142232189,-1.344515551
156H,158N,Mos99,-0.369990455,0.006754904,-0.1976967
156K,158E,Mos99,-4.873377977,-4.282268619,-4.58572723
156K,158G,Mos99,-0.105526768,0.162746596,0.02859659
156K,158K,Mos99,3.430061031,4.239606708,3.857753744
156K,158N,Mos99,0.41505199,1.087152076,0.756570077
156Q,158E,Mos99,1.053400863,1.407286617,1.256656453
156Q,158G,Mos99,-0.290473728,0.347936262,-0.014337118
156Q,158K,Mos99,-1.080803512,-0.690671359,-0.904661583
156Q,158N,Mos99,-0.50161744,-0.191485938,-0.337657752
156E,159F,Mos99,-0.363790056,-0.109769842,-0.244359832
156E,159S,Mos99,0.418491656,0.793327638,0.611658576
156E,159Y,Mos99,-0.497196765,-0.234183659,-0.367298744
156H,159F,Mos99,0.177715906,0.457145674,0.294924549
156H,159S,Mos99,-0.459004739,-0.106300614,-0.273376018
156H,159Y,Mos99,-0.163871164,0.09579948,-0.021548531
156K,159F,Mos99,-0.389292936,0.12459988,-0.092737868
156K,159S,Mos99,0.362923083,0.605706483,0.48886689
156K,159Y,Mos99,0.365714988,0.825267278,0.581604758
156Q,159F,Mos99,-0.070375972,0.179853036,0.042173152
156Q,159S,Mos99,-0.019565392,0.346477048,0.150584332
156Q,159Y,Mos99,-0.325539779,-0.091960902,-0.192757483
156E,190D,Mos99,-0.305436831,-0.140269533,-0.23283719
156E,190E,Mos99,0.140269533,0.305436831,0.23283719
156H,190D,Mos99,-0.548556539,-0.370023045,-0.458465676
156H,190E,Mos99,0.370023045,0.548556539,0.458465676
156K,190D,Mos99,0.76245129,0.935178726,0.858429953
156K,190E,Mos99,0.76245129,0.935178726,0.858429953
156Q,190D,Mos99,-0.25570276,-0.088801734,-0.167127086
156Q,190E,Mos99,0.088801734,0.25570276,0.167127086
156E,193F,Mos99,0.263075839,0.529662711,0.383639602
156E,193N,Mos99,-0.116612773,0.12154996,0.004855103
156E,193S,Mos99,-0.539389275,-0.245499275,-0.388494705
156H,193F,Mos99,0.175662725,0.450047937,0.30160494
156H,193N,Mos99,-0.645035067,-0.3748487,-0.502867329
156H,193S,Mos99,-0.000609642,0.389448295,0.201262388
156K,193F,Mos99,-1.128290756,-0.627199211,-0.876739008
156K,193N,Mos99,0.393785692,0.89049762,0.643781315
156K,193S,Mos99,-0.337001928,-0.128176218,-0.232957693
156Q,193F,Mos99,0.057400587,0.291334116,0.191494466
156Q,193N,Mos99,-0.287074823,-0.025617332,-0.14576909
156Q,193S,Mos99,-0.186970277,0.153005564,-0.045725376
156E,196A,Mos99,-0.403803235,-0.223090831,-0.317546745
156E,196V,Mos99,0.223090831,0.403803235,0.317546745
156H,196A,Mos99,0.457851573,0.601364661,0.520848973
156H,196V,Mos99,-0.601364661,-0.457851573,-0.520848973
156K,196A,Mos99,-0.323006999,-0.161616457,-0.241749201
156K,196V,Mos99,-0.323006999,-0.161616457,-0.241749201
156Q,196A,Mos99,-0.033539889,0.113551097,0.038446972
156Q,196V,Mos99,-0.113551097,0.033539889,-0.038446972
158E,159F,Mos99,-0.342766176,-0.078199443,-0.184076697
158E,159S,Mos99,0.44977256,0.793578404,0.611624917
158E,159Y,Mos99,-0.561021047,-0.290402503,-0.42754822
158G,159F,Mos99,-0.272833726,0.197841289,-0.056558623
158G,159S,Mos99,0.013772371,0.219536468,0.106664641
158G,159Y,Mos99,-0.088590189,0.373090248,0.163223264
158K,159F,Mos99,0.234178899,0.512526444,0.362072498
158K,159S,Mos99,-0.939953898,-0.539274669,-0.716935227
158K,159Y,Mos99,0.231963468,0.527127572,0.354862728
158N,159F,Mos99,-0.259891528,-0.010925897,-0.121437178
158N,159S,Mos99,0.034284777,0.414077273,0.21197495
158N,159Y,Mos99,-0.211822452,0.035601997,-0.090537772
158E,190D,Mos99,-1.015788917,-0.826167769,-0.934779934
158E,190E,Mos99,0.826167769,1.015788917,0.934779934
158G,190D,Mos99,-0.076104264,0.082399104,0.013554394
158G,190E,Mos99,-0.076104264,0.082399104,0.013554394
158K,190D,Mos99,1.256165745,1.436651583,1.346637143
158K,190E,Mos99,-1.436651583,-1.256165745,-1.346637143
158N,190D,Mos99,-0.497618331,-0.362701944,-0.425411603
158N,190E,Mos99,0.362701944,0.497618331,0.425411603
158E,193F,Mos99,-0.028175683,0.203404158,0.082214196
158E,193N,Mos99,-0.024161682,0.212436353,0.077781841
158E,193S,Mos99,-0.340633855,0.013964244,-0.159996037
158G,193F,Mos99,0.051190234,0.524090903,0.292366561
158G,193N,Mos99,-0.62053846,-0.147709569,-0.37880101
158G,193S,Mos99,-0.199963098,0.032902493,-0.086434449
158K,193F,Mos99,-0.395676681,-0.087925846,-0.245064599
158K,193N,Mos99,0.070773641,0.342674021,0.213789322
158K,193S,Mos99,-0.162403532,0.236444831,0.031275277
158N,193F,Mos99,-0.255198193,0.006457099,-0.129516158
158N,193N,Mos99,-0.033430924,0.221254158,0.087229847
158N,193S,Mos99,-0.183138302,0.188857973,0.042286311
158E,196A,Mos99,-0.150463665,0.02411238,-0.047468354
158E,196V,Mos99,-0.02411238,0.150463665,0.047468354
158G,196A,Mos99,-0.04291483,0.136135932,0.033735824
158G,196V,Mos99,-0.04291483,0.136135932,0.033735824
158K,196A,Mos99,-0.188143131,0.012834722,-0.076088211
158K,196V,Mos99,-0.012834722,0.188143131,0.076088211
158N,196A,Mos99,0.010920197,0.169980833,0.08982074
158N,196V,Mos99,-0.169980833,-0.010920197,-0.08982074
159F,190D,Mos99,0.021099655,0.19086849,0.104957744
159F,190E,Mos99,-0.19086849,-0.021099655,-0.104957744
159S,190D,Mos99,-0.582778105,-0.442229569,-0.508046555
159S,190E,Mos99,-0.582778105,-0.442229569,-0.508046555
159Y,190D,Mos99,0.327545199,0.490616729,0.403088811
159Y,190E,Mos99,-0.490616729,-0.327545199,-0.403088811
159F,193F,Mos99,0.110228726,0.298900857,0.199055589
159F,193N,Mos99,-0.257614777,-0.062785255,-0.138305391
159F,193S,Mos99,-0.189462172,0.11417482,-0.060750197
159S,193F,Mos99,-0.539170122,-0.265895816,-0.371815742
159S,193N,Mos99,0.303210971,0.550849198,0.401261835
159S,193S,Mos99,-0.045102376,0.119956753,0.029446093
159Y,193F,Mos99,0.076274352,0.310337697,0.172760154
159Y,193N,Mos99,-0.358368059,-0.174634746,-0.262956444
159Y,193S,Mos99,-0.069762914,0.218444441,0.09019629
159F,196A,Mos99,-0.10159444,0.032160084,-0.033656645
159F,196V,Mos99,-0.032160084,0.10159444,0.033656645
159S,196A,Mos99,-0.035632977,0.105974135,0.035051235
159S,196V,Mos99,-0.035632977,0.105974135,0.035051235
159Y,196A,Mos99,-0.06685678,0.059731785,-0.00139459
159Y,196V,Mos99,-0.059731785,0.06685678,0.00139459
190D,193F,Mos99,0.449953888,0.590671904,0.519237661
190D,193N,Mos99,-0.144934944,-0.007764399,-0.077900914
190D,193S,Mos99,-0.51477541,-0.362176144,-0.441336747
190E,193F,Mos99,-0.590671904,-0.449953888,-0.519237661
190E,193N,Mos99,0.007764399,0.144934944,0.077900914
190E,193S,Mos99,-0.51477541,-0.362176144,-0.441336747
190D,196A,Mos99,-0.548543374,-0.436151103,-0.496454459
190D,196V,Mos99,0.436151103,0.548543374,0.496454459
190E,196A,Mos99,0.436151103,0.548543374,0.496454459
190E,196V,Mos99,0.436151103,0.548543374,0.496454459
193F,196A,Mos99,-0.725556776,-0.587080442,-0.651806563
193F,196V,Mos99,0.587080442,0.725556776,0.651806563
193N,196A,Mos99,0.163893586,0.30369221,0.244602731
193N,196V,Mos99,-0.30369221,-0.163893586,-0.244602731
193S,196A,Mos99,0.341352317,0.486923743,0.407203832
193S,196V,Mos99,0.341352317,0.486923743,0.407203832
156E,156E,Mos99,0.412621747,0.697280846,0.561980556
156H,156H,Mos99,-0.068261829,0.224626491,0.107404968
156Q,156Q,Mos99,-1.105675858,-0.845882729,-1.001104499
156K,156K,Mos99,0.187794186,0.481301989,0.331718975
158E,158E,Mos99,-1.312037661,-1.055951755,-1.191207989
158K,158K,Mos99,1.455962427,1.824863901,1.660407391
158N,158N,Mos99,-0.268262145,0.023825604,-0.125967544
158G,158G,Mos99,-0.48640156,-0.199988665,-0.343231858
159F,159F,Mos99,0.218357212,0.47831785,0.32247773
159Y,159Y,Mos99,0.003225135,0.24564148,0.121017739
159S,159S,Mos99,-0.5893959,-0.32060071,-0.443495469
190D,190D,Mos99,-0.900888405,-0.726890824,-0.807234859
190E,190E,Mos99,0.726890824,0.900888405,0.807234859
193F,193F,Mos99,0.675384314,0.925145435,0.826207753
193N,193N,Mos99,-0.764319314,-0.573973246,-0.67531523
193S,193S,Mos99,-0.262108747,-0.050372611,-0.150892523
196A,196A,Mos99,0.323288856,0.49668023,0.387424872
196V,196V,Mos99,-0.49668023,-0.323288856,-0.387424872
156E,158E,Bris07L194,-0.250227912,0.077685807,-0.09262205
156E,158G,Bris07L194,-0.208232372,0.46066757,0.106827306
156E,158K,Bris07L194,-0.301730694,0.011743521,-0.157001314
156E,158N,Bris07L194,-0.028523683,0.322219287,0.142796059
156H,158E,Bris07L194,-0.096904366,0.20994092,0.055891553
156H,158G,Bris07L194,-0.486959155,0.052399185,-0.208626806
156H,158K,Bris07L194,-0.311995541,0.02509085,-0.139401512
156H,158N,Bris07L194,0.120915766,0.406971781,0.292136765
156K,158E,Bris07L194,-0.274527795,0.302608202,0.038378726
156K,158G,Bris07L194,-0.297821706,-0.022551304,-0.17125479
156K,158K,Bris07L194,0.063611067,0.667048329,0.351975427
156K,158N,Bris07L194,-0.794939043,-0.276141953,-0.561608943
156Q,158E,Bris07L194,-0.159457016,0.159957965,-0.001648228
156Q,158G,Bris07L194,-0.366712048,0.241446903,-0.069455289
156Q,158K,Bris07L194,-0.195218042,0.10234501,-0.055572601
156Q,158N,Bris07L194,-0.044577369,0.284168204,0.126676119
156E,159F,Bris07L194,0.601435301,0.87223158,0.730827109
156E,159S,Bris07L194,-1.455702623,-1.097399763,-1.258617887
156E,159Y,Bris07L194,0.399285885,0.677213274,0.527790777
156H,159F,Bris07L194,-0.964597926,-0.708196466,-0.848566856
156H,159S,Bris07L194,1.710724105,2.027101971,1.868117717
156H,159Y,Bris07L194,-1.134358331,-0.875350668,-1.019550861
156K,159F,Bris07L194,-0.026691711,0.505073168,0.222638923
156K,159S,Bris07L194,0.914506006,1.156663689,1.011178466
156K,159Y,Bris07L194,0.54603095,1.036269879,0.788539543
156Q,159F,Bris07L194,-0.262188894,0.015997307,-0.104899176
156Q,159S,Bris07L194,0.239120443,0.617378956,0.401678635
156Q,159Y,Bris07L194,-0.418298789,-0.170822092,-0.296779459
156E,190D,Bris07L194,0.505297237,0.687413568,0.591840765
156E,190E,Bris07L194,-0.687413568,-0.505297237,-0.591840765
156H,190D,Bris07L194,-0.673937132,-0.50128815,-0.599222075
156H,190E,Bris07L194,0.50128815,0.673937132,0.599222075
156K,190D,Bris07L194,0.290876801,0.448262586,0.381567988
156K,190E,Bris07L194,0.290876801,0.448262586,0.381567988
156Q,190D,Bris07L194,-0.45968095,-0.28972157,-0.374186678
156Q,190E,Bris07L194,0.28972157,0.45968095,0.374186678
156E,193F,Bris07L194,-0.233352254,0.030785193,-0.116653026
156E,193N,Bris07L194,0.070977224,0.315881566,0.18677617
156E,193S,Bris07L194,-0.274877973,0.109451265,-0.070123144
156H,193F,Bris07L194,-0.428581329,-0.175224328,-0.285707758
156H,193N,Bris07L194,0.315028449,0.565855777,0.434623871
156H,193S,Bris07L194,-0.316547782,0.034940419,-0.148916113
156K,193F,Bris07L194,0.449134276,0.883783352,0.673750175
156K,193N,Bris07L194,-1.131988501,-0.704596287,-0.91631127
156K,193S,Bris07L194,-0.356458282,-0.13795954,-0.242561096
156Q,193F,Bris07L194,-0.406182316,-0.170302548,-0.271389391
156Q,193N,Bris07L194,0.1652403,0.438408379,0.294911229
156Q,193S,Bris07L194,-0.204197916,0.165187688,-0.023521839
156E,196A,Bris07L194,-0.290953798,-0.118704861,-0.210011438
156E,196V,Bris07L194,0.118704861,0.290953798,0.210011438
156H,196A,Bris07L194,-0.059691806,0.113508171,0.049133544
156H,196V,Bris07L194,-0.113508171,0.059691806,-0.049133544
156K,196A,Bris07L194,0.085840737,0.280691459,0.168822952
156K,196V,Bris07L194,0.085840737,0.280691459,0.168822952
156Q,196A,Bris07L194,-0.077340229,0.087683364,-0.007945058
156Q,196V,Bris07L194,-0.087683364,0.077340229,0.007945058
158E,159F,Bris07L194,0.134277413,0.408384634,0.264591256
158E,159S,Bris07L194,-0.532128361,-0.152894662,-0.311662087
158E,159Y,Bris07L194,-0.061292235,0.171166944,0.047070831
158G,159F,Bris07L194,-0.294640503,0.187025951,-0.051933419
158G,159S,Bris07L194,-0.258326548,-0.050597675,-0.153454137
158G,159Y,Bris07L194,-0.317683331,0.123077364,-0.101520718
158K,159F,Bris07L194,0.112786444,0.376173826,0.244524175
158K,159S,Bris07L194,-0.941078941,-0.548700923,-0.739314396
158K,159Y,Bris07L194,0.362807825,0.619149704,0.49479022
158N,159F,Bris07L194,-0.601312816,-0.341860311,-0.457182012
158N,159S,Bris07L194,0.7134955,1.084177351,0.897522346
158N,159Y,Bris07L194,-0.56395279,-0.323474059,-0.440340334
158E,190D,Bris07L194,0.363313152,0.559204553,0.466982675
158E,190E,Bris07L194,-0.559204553,-0.363313152,-0.466982675
158G,190D,Bris07L194,-0.224383069,-0.028592554,-0.131944965
158G,190E,Bris07L194,-0.224383069,-0.028592554,-0.131944965
158K,190D,Bris07L194,0.010774137,0.194369023,0.112188673
158K,190E,Bris07L194,-0.194369023,-0.010774137,-0.112188673
158N,190D,Bris07L194,-0.531754372,-0.345059571,-0.447226383
158N,190E,Bris07L194,0.345059571,0.531754372,0.447226383
158E,193F,Bris07L194,-0.454519724,-0.205660779,-0.337221579
158E,193N,Bris07L194,0.080011496,0.332047578,0.209516077
158E,193S,Bris07L194,-0.048726927,0.277922171,0.127705502
158G,193F,Bris07L194,-0.012307935,0.369774754,0.176792866
158G,193N,Bris07L194,-0.479101553,-0.06250827,-0.257096556
158G,193S,Bris07L194,-0.199327701,0.004795878,-0.08030369
158K,193F,Bris07L194,0.126434332,0.394354566,0.277715935
158K,193N,Bris07L194,-0.194637894,0.033188578,-0.078610224
158K,193S,Bris07L194,-0.351516052,-0.015182415,-0.199105711
158N,193F,Bris07L194,-0.213268266,0.031917821,-0.117287222
158N,193N,Bris07L194,-0.003262604,0.258107325,0.126190703
158N,193S,Bris07L194,-0.214269337,0.19091235,-0.008903481
158E,196A,Bris07L194,-0.089162872,0.067990531,0.008427773
158E,196V,Bris07L194,-0.067990531,0.089162872,-0.008427773
158G,196A,Bris07L194,0.060280226,0.239331005,0.145422348
158G,196V,Bris07L194,0.060280226,0.239331005,0.145422348
158K,196A,Bris07L194,-0.304199106,-0.11970208,-0.218261952
158K,196V,Bris07L194,0.11970208,0.304199106,0.218261952
158N,196A,Bris07L194,-0.048598872,0.171120453,0.064411831
158N,196V,Bris07L194,-0.171120453,0.048598872,-0.064411831
159F,190D,Bris07L194,-0.559740414,-0.400792494,-0.488568583
159F,190E,Bris07L194,0.400792494,0.559740414,0.488568583
159S,190D,Bris07L194,1.574877829,1.721509382,1.647034988
159S,190E,Bris07L194,1.574877829,1.721509382,1.647034988
159Y,190D,Bris07L194,-1.232684316,-1.063693924,-1.158466406
159Y,190E,Bris07L194,1.063693924,1.232684316,1.158466406
159F,193F,Bris07L194,-0.277786475,-0.054143356,-0.177443949
159F,193N,Bris07L194,0.094429702,0.288900207,0.201793561
159F,193S,Bris07L194,-0.150278769,0.109530266,-0.024349612
159S,193F,Bris07L194,-0.035013172,0.257334784,0.112484312
159S,193N,Bris07L194,-0.585937326,-0.28637655,-0.433019341
159S,193S,Bris07L194,-0.41373012,-0.215371141,-0.320535028
159Y,193F,Bris07L194,-0.053597279,0.175788358,0.064959637
159Y,193N,Bris07L194,0.110014507,0.355618738,0.23122578
159Y,193S,Bris07L194,-0.443873883,-0.150711477,-0.296185416
159F,196A,Bris07L194,-0.228388109,-0.103146436,-0.167468322
159F,196V,Bris07L194,0.103146436,0.228388109,0.167468322
159S,196A,Bris07L194,0.388981326,0.530538926,0.453741376
159S,196V,Bris07L194,0.388981326,0.530538926,0.453741376
159Y,196A,Bris07L194,-0.36438586,-0.220211253,-0.286273054
159Y,196V,Bris07L194,0.220211253,0.36438586,0.286273054
190D,193F,Bris07L194,-0.098229257,0.037151986,-0.028705478
190D,193N,Bris07L194,0.452452646,0.590641414,0.514295353
190D,193S,Bris07L194,-0.563530426,-0.410704963,-0.485589874
190E,193F,Bris07L194,-0.037151986,0.098229257,0.028705478
190E,193N,Bris07L194,-0.590641414,-0.452452646,-0.514295353
190E,193S,Bris07L194,-0.563530426,-0.410704963,-0.485589874
190D,196A,Bris07L194,-0.778370893,-0.681329165,-0.734587176
190D,196V,Bris07L194,0.681329165,0.778370893,0.734587176
190E,196A,Bris07L194,0.681329165,0.778370893,0.734587176
190E,196V,Bris07L194,0.681329165,0.778370893,0.734587176
193F,196A,Bris07L194,-0.793695499,-0.669758488,-0.731036828
193F,196V,Bris07L194,0.669758488,0.793695499,0.731036828
193N,196A,Bris07L194,0.577047223,0.698800141,0.631778488
193N,196V,Bris07L194,-0.698800141,-0.577047223,-0.631778488
193S,196A,Bris07L194,0.03038097,0.175960972,0.09925834
193S,196V,Bris07L194,0.03038097,0.175960972,0.09925834
156E,156E,Bris07L194,-0.134318738,0.179926358,0.029118524
156H,156H,Bris07L194,0.277125794,0.607692475,0.418624991
156Q,156Q,Bris07L194,-0.22000436,0.060583018,-0.06311443
156K,156K,Bris07L194,-0.540623139,-0.266147111,-0.384629085
158E,158E,Bris07L194,-0.1222836,0.149145394,0.013429365
158K,158K,Bris07L194,-0.30314517,-0.02650339,-0.163255967
158N,158N,Bris07L194,0.005408636,0.27753055,0.144927232
158G,158G,Bris07L194,-0.132726736,0.163752251,0.004899371
159F,159F,Bris07L194,0.293231929,0.534808355,0.408705928
159Y,159Y,Bris07L194,-0.055220913,0.215095842,0.065259965
159S,159S,Bris07L194,-0.606546853,-0.356218341,-0.473965892
190D,190D,Bris07L194,-0.38569533,-0.181511978,-0.262937578
190E,190E,Bris07L194,0.181511978,0.38569533,0.262937578
193F,193F,Bris07L194,0.542931309,0.741894408,0.643841021
193N,193N,Bris07L194,-1.159678243,-0.916750761,-1.038700228
193S,193S,Bris07L194,0.291292236,0.517179343,0.394859207
196A,196A,Bris07L194,0.392268087,0.564817972,0.476736078
196V,196V,Bris07L194,-0.564817972,-0.392268087,-0.476736078
156E,158E,NDako16,0.416734968,0.696390826,0.566130913
156E,158G,NDako16,-0.490396178,-0.058865306,-0.286208589
156E,158K,NDako16,-0.607518991,-0.333544831,-0.47763303
156E,158N,NDako16,0.066998156,0.339676986,0.197710706
156H,158E,NDako16,0.107856109,0.399680236,0.240150602
156H,158G,NDako16,0.026122133,0.519804398,0.290379891
156H,158K,NDako16,-0.76465646,-0.475100454,-0.608983185
156H,158N,NDako16,-0.062823968,0.218401953,0.078452692
156K,158E,NDako16,-1.248931231,-0.730836672,-1.00705129
156K,158G,NDako16,0.233158848,0.446991364,0.358630374
156K,158K,NDako16,1.394902641,1.961702969,1.660290317
156K,158N,NDako16,-0.589349689,-0.033320732,-0.294608654
156Q,158E,NDako16,0.044830958,0.340515496,0.200769775
156Q,158G,NDako16,0.092927482,0.628171328,0.354459072
156Q,158K,NDako16,-0.718090549,-0.441878002,-0.573674102
156Q,158N,NDako16,-0.109810648,0.14510479,0.018445256
156E,159F,NDako16,-0.282092281,-0.059672493,-0.164827297
156E,159S,NDako16,0.116685702,0.450639555,0.283611173
156E,159Y,NDako16,-0.242588582,0.01623185,-0.118783876
156H,159F,NDako16,-0.214215899,-0.01232479,-0.134959673
156H,159S,NDako16,0.020601449,0.346697787,0.209363328
156H,159Y,NDako16,-0.178521394,0.052066834,-0.074403656
156K,159F,NDako16,-0.067126333,0.380432522,0.153470028
156K,159S,NDako16,0.032497906,0.230846338,0.138282588
156K,159Y,NDako16,-0.233012564,0.195071939,-0.015187441
156Q,159F,NDako16,0.011915901,0.252811569,0.146316942
156Q,159S,NDako16,-0.542885781,-0.194676711,-0.354691914
156Q,159Y,NDako16,0.092299309,0.331822855,0.208374972
156E,190D,NDako16,0.1092185,0.285302689,0.196447506
156E,190E,NDako16,-0.285302689,-0.1092185,-0.196447506
156H,190D,NDako16,-0.193851814,-0.051542556,-0.121350634
156H,190E,NDako16,0.051542556,0.193851814,0.121350634
156K,190D,NDako16,-0.04825419,0.109827657,0.030375462
156K,190E,NDako16,-0.04825419,0.109827657,0.030375462
156Q,190D,NDako16,-0.186395217,-0.014897494,-0.105472335
156Q,190E,NDako16,0.014897494,0.186395217,0.105472335
156E,193F,NDako16,-0.016600459,0.198430556,0.082417781
156E,193N,NDako16,-0.079371102,0.126874612,0.034143153
156E,193S,NDako16,-0.242194185,0.028428551,-0.116560934
156H,193F,NDako16,-0.048606851,0.239059164,0.100766779
156H,193N,NDako16,-0.308277902,-0.046957956,-0.160596811
156H,193S,NDako16,-0.126679451,0.21651738,0.059830032
156K,193F,NDako16,-0.558166002,-0.153326832,-0.346762844
156K,193N,NDako16,0.081435152,0.446861274,0.249111084
156K,193S,NDako16,-0.209163925,-0.013323625,-0.09765176
156Q,193F,NDako16,0.052766894,0.270996668,0.163578283
156Q,193N,NDako16,-0.217123619,-0.01568508,-0.122657426
156Q,193S,NDako16,-0.173981205,0.091897384,-0.040920858
156E,196A,NDako16,-0.164592979,-0.020421679,-0.098523742
156E,196V,NDako16,0.020421679,0.164592979,0.098523742
156H,196A,NDako16,-0.132032754,0.038463242,-0.044504722
156H,196V,NDako16,-0.038463242,0.132032754,0.044504722
156K,196A,NDako16,-0.029588126,0.159063338,0.062076577
156K,196V,NDako16,-0.029588126,0.159063338,0.062076577
156Q,196A,NDako16,-0.00139571,0.170893926,0.080951886
156Q,196V,NDako16,-0.170893926,0.00139571,-0.080951886
158E,159F,NDako16,-0.187301365,0.036649167,-0.051647423
158E,159S,NDako16,-0.032497431,0.290581253,0.107039221
158E,159Y,NDako16,-0.181102775,0.047122408,-0.055391798
158G,159F,NDako16,-0.132217668,0.296462993,0.070060747
158G,159S,NDako16,-0.086754263,0.09553567,-0.003762119
158G,159Y,NDako16,-0.268375909,0.1234738,-0.073822866
158K,159F,NDako16,-0.16620146,0.07757672,-0.065124677
158K,159S,NDako16,-0.142958518,0.215514695,0.051269234
158K,159Y,NDako16,-0.087751088,0.139761232,0.013855444
158N,159F,NDako16,-0.078112314,0.173805499,0.046711354
158N,159S,NDako16,-0.320307295,0.000199131,-0.162070574
158N,159Y,NDako16,0.001937484,0.228360193,0.115359221
158E,190D,NDako16,-0.304671289,-0.170978798,-0.234487806
158E,190E,NDako16,0.170978798,0.304671289,0.234487806
158G,190D,NDako16,-0.113666713,0.05458905,-0.024509092
158G,190E,NDako16,-0.113666713,0.05458905,-0.024509092
158K,190D,NDako16,0.441660091,0.598245791,0.517410477
158K,190E,NDako16,-0.598245791,-0.441660091,-0.517410477
158N,190D,NDako16,-0.3320573,-0.194735389,-0.258413579
158N,190E,NDako16,0.194735389,0.3320573,0.258413579
158E,193F,NDako16,-0.025424358,0.177677731,0.063246644
158E,193N,NDako16,-0.025652434,0.205071674,0.076591923
158E,193S,NDako16,-0.314869023,0.025887313,-0.139838567
158G,193F,NDako16,-0.115345069,0.340923076,0.109998824
158G,193N,NDako16,-0.347632623,0.077716794,-0.125814211
158G,193S,NDako16,-0.124543327,0.094493476,-0.015815387
158K,193F,NDako16,-0.32407992,-0.070374032,-0.187810423
158K,193N,NDako16,-0.122052553,0.143318773,0.01302397
158K,193S,NDako16,-0.011627597,0.335120244,0.174786453
158N,193F,NDako16,-0.102624376,0.121935055,0.014564955
158N,193N,NDako16,-0.077902009,0.16230877,0.036198318
158N,193S,NDako16,-0.22459282,0.11787974,-0.050763273
158E,196A,NDako16,-0.192837225,-0.023150056,-0.117946328
158E,196V,NDako16,0.023150056,0.192837225,0.117946328
158G,196A,NDako16,-0.101369183,0.067984949,-0.007429477
158G,196V,NDako16,-0.101369183,0.067984949,-0.007429477
158K,196A,NDako16,-0.024353093,0.137385954,0.049065902
158K,196V,NDako16,-0.137385954,0.024353093,-0.049065902
158N,196A,NDako16,-0.003192037,0.146456647,0.076309902
158N,196V,NDako16,-0.146456647,0.003192037,-0.076309902
159F,190D,NDako16,-0.042282478,0.078745963,0.016234521
159F,190E,NDako16,-0.078745963,0.042282478,-0.016234521
159S,190D,NDako16,-0.405725256,-0.277083968,-0.342999065
159S,190E,NDako16,-0.405725256,-0.277083968,-0.342999065
159Y,190D,NDako16,0.255074585,0.400285958,0.326764544
159Y,190E,NDako16,-0.400285958,-0.255074585,-0.326764544
159F,193F,NDako16,0.129529611,0.319648781,0.241758325
159F,193N,NDako16,-0.371694716,-0.213523466,-0.288424162
159F,193S,NDako16,-0.085469449,0.187820983,0.046665837
159S,193F,NDako16,-0.624297894,-0.41594966,-0.528372692
159S,193N,NDako16,0.453872965,0.691642284,0.594199317
159S,193S,NDako16,-0.026989871,0.166284038,0.065826625
159Y,193F,NDako16,0.192883986,0.379738834,0.286614367
159Y,193N,NDako16,-0.387050659,-0.212007171,-0.305775155
159Y,193S,NDako16,-0.144137936,0.133812606,0.019160788
159F,196A,NDako16,-0.046496723,0.089069237,0.026693284
159F,196V,NDako16,-0.089069237,0.046496723,-0.026693284
159S,196A,NDako16,-0.200796426,-0.090348488,-0.139328934
159S,196V,NDako16,-0.200796426,-0.090348488,-0.139328934
159Y,196A,NDako16,0.051726157,0.182291417,0.11263565
159Y,196V,NDako16,-0.182291417,-0.051726157,-0.11263565
190D,193F,NDako16,0.427966869,0.552814615,0.491746386
190D,193N,NDako16,-0.286611742,-0.149671779,-0.208409792
190D,193S,NDako16,-0.35035575,-0.222624018,-0.283336593
190E,193F,NDako16,-0.552814615,-0.427966869,-0.491746386
190E,193N,NDako16,0.149671779,0.286611742,0.208409792
190E,193S,NDako16,-0.35035575,-0.222624018,-0.283336593
190D,196A,NDako16,-0.232746502,-0.142641605,-0.179436146
190D,196V,NDako16,0.142641605,0.232746502,0.179436146
190E,196A,NDako16,0.142641605,0.232746502,0.179436146
190E,196V,NDako16,0.142641605,0.232746502,0.179436146
193F,196A,NDako16,-0.34754864,-0.219345281,-0.290678018
193F,196V,NDako16,0.219345281,0.34754864,0.290678018
193N,196A,NDako16,-0.001836958,0.13886647,0.078959009
193N,196V,NDako16,-0.13886647,0.001836958,-0.078959009
193S,196A,NDako16,0.143804324,0.285363767,0.211719009
193S,196V,NDako16,0.143804324,0.285363767,0.211719009
156E,156E,NDako16,0.376450527,0.610129325,0.495653404
156H,156H,NDako16,-0.167206287,0.097156206,-0.022833038
156Q,156Q,NDako16,-0.593069141,-0.338204567,-0.464358926
156K,156K,NDako16,-0.133546354,0.133730139,-0.00846144
158E,158E,NDako16,-0.366751352,-0.12613176,-0.245477117
158K,158K,NDako16,0.774637334,1.0999824,0.95354756
158N,158N,NDako16,-0.509201694,-0.251651274,-0.389667624
158G,158G,NDako16,-0.419760717,-0.193482941,-0.318402819
159F,159F,NDako16,0.104005598,0.302604483,0.209550696
159Y,159Y,NDako16,-0.095911374,0.116882859,0.005327428
159S,159S,NDako16,-0.336563935,-0.121469884,-0.214878124
190D,190D,NDako16,-0.956122901,-0.78056661,-0.88143358
190E,190E,NDako16,0.78056661,0.956122901,0.88143358
193F,193F,NDako16,0.331557803,0.544431554,0.435346371
193N,193N,NDako16,-0.324296204,-0.107599473,-0.203000614
193S,193S,NDako16,-0.360228281,-0.118732279,-0.232345757
196A,196A,NDako16,-0.26736149,-0.107532678,-0.199747651
196V,196V,NDako16,0.107532678,0.26736149,0.199747651
