strain	resi1	resi2
HK68	K156	K156
HK68	K156	G158
HK68	K156	S159
HK68	K156	E190
HK68	K156	S193
HK68	K156	V196
HK68	G158	G158
HK68	G158	S159
HK68	G158	E190
HK68	G158	S193
HK68	G158	V196
HK68	S159	S159
HK68	S159	E190
HK68	S159	S193
HK68	S159	V196
HK68	E190	E190
HK68	E190	S193
HK68	E190	V196
HK68	S193	S193
HK68	S193	V196
HK68	V196	V196
Bk79	E156	E156
Bk79	E156	E158
Bk79	E156	S159
Bk79	E156	E190
Bk79	E156	N193
Bk79	E156	V196
Bk79	E158	E158
Bk79	E158	S159
Bk79	E158	E190
Bk79	E158	N193
Bk79	E158	V196
Bk79	S159	S159
Bk79	S159	E190
Bk79	S159	N193
Bk79	S159	V196
Bk79	E190	E190
Bk79	E190	N193
Bk79	E190	V196
Bk79	N193	N193
Bk79	N193	V196
Bk79	V196	V196
Bei89	E156	E156
Bei89	E156	E158
Bei89	E156	Y159
Bei89	E156	E190
Bei89	E156	N193
Bei89	E156	V196
Bei89	E158	E158
Bei89	E158	Y159
Bei89	E158	E190
Bei89	E158	N193
Bei89	E158	V196
Bei89	Y159	Y159
Bei89	Y159	E190
Bei89	Y159	N193
Bei89	Y159	V196
Bei89	E190	E190
Bei89	E190	N193
Bei89	E190	V196
Bei89	N193	N193
Bei89	N193	V196
Bei89	V196	V196
Mos99	Q156	Q156
Mos99	Q156	K158
Mos99	Q156	Y159
Mos99	Q156	D190
Mos99	Q156	S193
Mos99	Q156	T196
Mos99	K158	K158
Mos99	K158	Y159
Mos99	K158	D190
Mos99	K158	S193
Mos99	K158	T196
Mos99	Y159	Y159
Mos99	Y159	D190
Mos99	Y159	S193
Mos99	Y159	T196
Mos99	D190	D190
Mos99	D190	S193
Mos99	D190	T196
Mos99	S193	S193
Mos99	S193	T196
Mos99	T196	T196
Bris07P194	H156	H156
Bris07P194	H156	K158
Bris07P194	H156	F159
Bris07P194	H156	D190
Bris07P194	H156	F193
Bris07P194	H156	A196
Bris07P194	K158	K158
Bris07P194	K158	F159
Bris07P194	K158	D190
Bris07P194	K158	F193
Bris07P194	K158	A196
Bris07P194	F159	F159
Bris07P194	F159	D190
Bris07P194	F159	F193
Bris07P194	F159	A196
Bris07P194	D190	D190
Bris07P194	D190	F193
Bris07P194	D190	A196
Bris07P194	F193	F193
Bris07P194	F193	A196
Bris07P194	A196	A196
NDako16	H156	H156
NDako16	H156	N158
NDako16	H156	S159
NDako16	H156	D190
NDako16	H156	F193
NDako16	H156	A196
NDako16	N158	N158
NDako16	N158	S159
NDako16	N158	D190
NDako16	N158	F193
NDako16	N158	A196
NDako16	S159	S159
NDako16	S159	D190
NDako16	S159	F193
NDako16	S159	A196
NDako16	D190	D190
NDako16	D190	F193
NDako16	D190	A196
NDako16	F193	F193
NDako16	F193	A196
NDako16	A196	A196
Bris07	H156	H156
Bris07	H156	K158
Bris07	H156	F159
Bris07	H156	D190
Bris07	H156	F193
Bris07	H156	A196
Bris07	K158	K158
Bris07	K158	F159
Bris07	K158	D190
Bris07	K158	F193
Bris07	K158	A196
Bris07	F159	F159
Bris07	F159	D190
Bris07	F159	F193
Bris07	F159	A196
Bris07	D190	D190
Bris07	D190	F193
Bris07	D190	A196
Bris07	F193	F193
Bris07	F193	A196
Bris07	A196	A196
